,Census Tract,Median Income,CT,Total Population,Voting Population,White,White %,White Voting Population,Black or African American,Black or African American %,Black or African American Voting Population,American Indian and Alaska Native,American Indian and Alaska Native %,American Indian and Alaska Native Voting Population,Asian,Asian %,Asian Voting Population,Native Hawaiian and Other Pacific Islander alone,Native Hawaiian and Other Pacific Islander %,Native Hawaiian and Other Pacific Islander Voting Population,Some other race,Some other race %,Some other race Voting Population,Two or more races,Two or more races %,Two or more races Voting Population
0,Census Tract 1,95156,000100,3763,2983,3438,0.913632739835,2725.36646293,22,0.00584639914961,17.4398086633,28,0.00744087164496,22.1961201169,131,0.0348126494818,103.846133404,0,0.0,0.0,18,0.00478341748605,14.2689343609,126,0.0334839224023,99.8825405262
1,Census Tract 2,95226,000200,3803,3093,3307,0.869576650013,2689.60057849,93,0.0244543781225,75.637391533,46,0.0120957139101,37.4120431238,115,0.0302392847752,93.5301078096,8,0.00210360241914,6.50644228241,60,0.0157770181436,48.7983171181,174,0.0457533526164,141.515119642
2,Census Tract 3,93813,000300,3075,2566,2511,0.816585365854,2095.35804878,9,0.00292682926829,7.51024390244,28,0.00910569105691,23.365203252,250,0.0813008130081,208.617886179,8,0.00260162601626,6.67577235772,73,0.0237398373984,60.9164227642,196,0.0637398373984,163.556422764
3,Census Tract 4,53806,000400,3860,3507,3023,0.783160621762,2746.54430052,250,0.0647668393782,227.137305699,110,0.0284974093264,99.9404145078,48,0.0124352331606,43.6103626943,0,0.0,0.0,46,0.0119170984456,41.7932642487,383,0.0992227979275,347.974352332
4,Census Tract 5,45586,000500,3560,3120,2666,0.748876404494,2336.49438202,261,0.0733146067416,228.741573034,88,0.0247191011236,77.1235955056,309,0.086797752809,270.808988764,13,0.00365168539326,11.393258427,94,0.026404494382,82.3820224719,129,0.0362359550562,113.056179775
5,Census Tract 6,30000,000600,1198,1013,727,0.606844741235,614.733722871,314,0.262103505843,265.510851419,0,0.0,0.0,66,0.0550918196995,55.8080133556,0,0.0,0.0,69,0.0575959933222,58.3447412354,22,0.0183639398998,18.6026711185
6,Census Tract 7,12068,000700,2429,2429,856,0.352408398518,856.0,665,0.273775216138,665.0,34,0.0139975298477,34.0,366,0.15067929189,366.0,15,0.00617538081515,15.0,378,0.155619596542,378.0,115,0.0473445862495,115.0
7,Census Tract 8,52841,000800,1450,1406,1104,0.761379310345,1070.49931034,92,0.0634482758621,89.2082758621,0,0.0,0.0,170,0.11724137931,164.84137931,0,0.0,0.0,34,0.0234482758621,32.9682758621,50,0.0344827586207,48.4827586207
8,Census Tract 11.01,31651,001101,2177,2015,1617,0.742765273312,1496.67202572,142,0.0652273771245,131.433164906,32,0.0146991272393,29.6187413872,195,0.0895728066146,180.489205328,0,0.0,0.0,108,0.0496095544327,99.9632521819,83,0.038125861277,76.8236104731
9,Census Tract 12,35000,001200,2985,2876,2278,0.763149078727,2194.81675042,250,0.0837520938023,240.871021776,27,0.00904522613065,26.0140703518,185,0.0619765494137,178.244556114,0,0.0,0.0,107,0.0358458961474,103.09279732,138,0.0462311557789,132.96080402
10,Census Tract 13,45625,001300,3076,2904,2240,0.72821846554,2114.74642393,173,0.0562418725618,163.326397919,31,0.010078023407,29.266579974,376,0.122236671001,354.975292588,0,0.0,0.0,85,0.027633289987,80.2470741222,171,0.0555916775033,161.438231469
11,Census Tract 14,33058,001400,2419,2320,1854,0.766432410087,1778.1231914,133,0.0549813972716,127.55684167,10,0.00413393964448,9.5907399752,123,0.0508474576271,117.966101695,0,0.0,0.0,113,0.0467135179826,108.37536172,186,0.0768912773874,178.387763539
12,Census Tract 15,85069,001500,4802,3939,4285,0.892336526447,3514.91357768,102,0.021241149521,83.6688879633,25,0.00520616409829,20.5070803832,198,0.0412328196585,162.416076635,0,0.0,0.0,93,0.0193669304456,76.2863390254,99,0.0206164098292,81.2080383174
13,Census Tract 16,88333,001600,6016,4921,5176,0.860372340426,4233.89228723,146,0.0242686170213,119.425864362,0,0.0,0.0,136,0.0226063829787,111.246010638,0,0.0,0.0,104,0.0172872340426,85.0704787234,454,0.0754654255319,371.365359043
14,Census Tract 17,52396,001700,5485,4715,4070,0.742023701003,3498.64175023,278,0.0506836827712,238.973564266,60,0.0109389243391,51.5770282589,450,0.0820419325433,386.827711942,0,0.0,0.0,243,0.0443026435734,208.886964448,384,0.0700091157703,330.092980857
15,Census Tract 18,47217,001800,4643,4049,2761,0.594658625888,2407.77277622,881,0.189748007754,768.289683394,19,0.00409218177902,16.5692440233,501,0.107904372173,436.904802929,8,0.00172302390696,6.97652379927,292,0.0628903726039,254.643118673,181,0.0389834158949,157.843850958
16,Census Tract 19,35147,001900,3081,2753,2463,0.799415774099,2200.7916261,135,0.0438169425511,120.628042843,18,0.00584225900682,16.0837390458,322,0.104511522233,287.720220708,11,0.00357026939305,9.82895163908,20,0.00649139889646,17.870821162,112,0.0363518338202,100.076598507
17,Census Tract 20,33578,002000,2313,2071,1304,0.563769995677,1167.56766105,51,0.0220492866407,45.6640726329,17,0.00734976221358,15.2213575443,625,0.270211846087,559.608733247,0,0.0,0.0,122,0.0527453523562,109.23562473,194,0.0838737570255,173.7025508
18,Census Tract 21,41583,002100,2582,2171,1299,0.503098373354,1092.22656855,65,0.0251742835012,54.653369481,0,0.0,0.0,750,0.290472501936,630.615801704,0,0.0,0.0,297,0.115027110767,249.723857475,171,0.0662277304415,143.780402789
19,Census Tract 22,30198,002200,4382,2828,2271,0.51825650388,1465.62939297,1040,0.237334550434,671.182108626,0,0.0,0.0,515,0.117526243724,332.364217252,46,0.0104974897307,29.6869009585,150,0.0342309447741,96.8051118211,360,0.0821542674578,232.332268371
20,Census Tract 23,95855,002300,3248,2723,2569,0.790948275862,2153.75215517,57,0.0175492610837,47.786637931,10,0.00307881773399,8.38362068966,301,0.0926724137931,252.346982759,0,0.0,0.0,61,0.0187807881773,51.1400862069,250,0.0769704433498,209.590517241
21,Census Tract 24,111721,002400,4369,3473,3744,0.856946669718,2976.17578393,1,0.00022888532845,0.794918745708,0,0.0,0.0,418,0.0956740672923,332.276035706,0,0.0,0.0,25,0.00572213321126,19.8729686427,181,0.0414282444495,143.880292973
22,Census Tract 25,96023,002500,1661,1244,1397,0.841059602649,1046.2781457,62,0.0373269114991,46.4346779049,0,0.0,0.0,95,0.057194461168,71.149909693,0,0.0,0.0,16,0.00963275135461,11.9831426851,91,0.0547862733293,68.1541240217
23,Census Tract 26,75625,002600,2741,2234,2253,0.821962787304,1836.26486684,192,0.070047427946,156.485954031,0,0.0,0.0,167,0.0609266690989,136.110178767,0,0.0,0.0,73,0.0266326158336,59.4972637723,56,0.0204304998176,45.6417365925
24,Census Tract 27,31747,002700,3761,2889,1838,0.488699813879,1411.8537623,1165,0.309758043074,894.89098644,65,0.0172826375964,49.929540016,243,0.0646104759373,186.659664983,0,0.0,0.0,217,0.0576974208987,166.687848976,233,0.0619516086147,178.978197288
25,Census Tract 28,26827,002800,3448,2306,1469,0.426044083527,982.457656613,858,0.248839907193,573.824825986,114,0.0330626450116,76.2424593968,159,0.0461136890951,106.338167053,8,0.00232018561485,5.35034802784,333,0.0965777262181,222.708236659,507,0.147041763341,339.078306265
26,Census Tract 29,46973,002900,5219,4291,3893,0.745928338762,3200.77850163,372,0.0712780226097,305.853995018,0,0.0,0.0,151,0.0289327457367,124.150411956,180,0.0344893657789,147.993868557,197,0.0377466947691,161.971067254,426,0.0816248323434,350.252155585
27,Census Tract 30,57232,003000,6546,5394,4640,0.708829819737,3823.42804766,407,0.0621753742744,335.373968836,65,0.00992972807822,53.5609532539,630,0.096241979835,519.12923923,0,0.0,0.0,414,0.0632447296059,341.142071494,390,0.0595783684693,321.365719523
28,Census Tract 31.01,42841,003101,3350,2455,1863,0.556119402985,1365.27313433,157,0.0468656716418,115.055223881,34,0.0101492537313,24.9164179104,211,0.0629850746269,154.628358209,0,0.0,0.0,782,0.233432835821,573.07761194,303,0.090447761194,222.049253731
29,Census Tract 31.02,43125,003102,2964,2080,1807,0.609649122807,1268.07017544,333,0.112348178138,233.684210526,13,0.00438596491228,9.12280701754,273,0.0921052631579,191.578947368,0,0.0,0.0,263,0.0887314439946,184.561403509,275,0.0927800269906,192.98245614
30,Census Tract 32.02,33636,003202,5290,3953,1914,0.361814744802,1430.2536862,781,0.14763705104,583.60926276,43,0.00812854442344,32.1321361059,1455,0.275047258979,1087.26181474,12,0.00226843100189,8.96710775047,672,0.127032136106,502.158034026,413,0.0780718336484,308.617958412
31,Census Tract 32.03,36648,003203,3217,2232,577,0.17935965185,400.330742928,305,0.0948088281007,211.613304321,47,0.014609884986,32.6092632888,1502,0.466894622319,1042.10879702,121,0.0376126826236,83.9515076158,543,0.168790798881,376.741063102,122,0.0379235312403,84.6453217283
32,Census Tract 32.04,34231,003204,5618,4192,2002,0.356354574582,1493.83837665,429,0.0763616945532,320.108223567,25,0.00444998220007,18.6543253827,2438,0.433962264151,1819.16981132,31,0.00551797792809,23.1313634745,483,0.0859736561054,360.401566394,210,0.0373798504806,156.696333215
33,Census Tract 33,68472,003300,4085,3232,2632,0.644308445532,2082.40489596,185,0.0452876376989,146.369645043,6,0.00146878824969,4.74712362301,723,0.176988984088,572.028396573,0,0.0,0.0,133,0.0325581395349,105.227906977,406,0.099388004896,321.222031824
34,Census Tract 34,62905,003400,4504,3601,2483,0.551287744227,1985.18716696,577,0.128108348135,461.318161634,18,0.00399644760213,14.3912078153,773,0.171625222025,618.022424512,83,0.0184280639432,66.3594582593,276,0.0612788632327,220.665186501,294,0.0652753108348,235.056394316
35,Census Tract 35.01,39984,003501,2555,2050,1785,0.698630136986,1432.19178082,139,0.0544031311155,111.526418787,11,0.00430528375734,8.82583170254,249,0.0974559686888,199.784735812,0,0.0,0.0,142,0.0555772994129,113.933463796,229,0.0896281800391,183.73776908
36,Census Tract 35.02,44926,003502,2507,2098,1422,0.567211806941,1190.01037096,175,0.0698045472677,146.449940168,0,0.0,0.0,491,0.195851615477,410.89668927,0,0.0,0.0,263,0.104906262465,220.093338652,156,0.06222576785,130.549660949
37,Census Tract 36,35109,003600,3010,2182,1748,0.58073089701,1267.15481728,168,0.0558139534884,121.786046512,66,0.021926910299,47.8445182724,341,0.113289036545,247.196677741,62,0.0205980066445,44.9448504983,537,0.178405315615,389.280398671,88,0.0292358803987,63.7926910299
38,Census Tract 37,23889,003700,3968,2761,1545,0.389364919355,1075.03654234,686,0.172883064516,477.330141129,40,0.0100806451613,27.8326612903,625,0.157510080645,434.885332661,0,0.0,0.0,395,0.0995463709677,274.847530242,677,0.170614919355,471.067792339
39,Census Tract 38,51127,003800,5619,4072,2047,0.364299697455,1483.42836804,1720,0.306104289019,1246.45666489,56,0.00996618615412,40.5823100196,1063,0.189179569318,770.339206264,92,0.0163730201103,66.6709378893,235,0.0418223883253,170.300765261,406,0.0722548496174,294.221747642
40,Census Tract 39,63607,003900,3510,2789,2111,0.601424501425,1677.37293447,155,0.0441595441595,123.160968661,33,0.00940170940171,26.2213675214,822,0.234188034188,653.15042735,9,0.0025641025641,7.15128205128,24,0.00683760683761,19.0700854701,356,0.101424501425,282.872934473
41,Census Tract 40.01,50953,004001,4999,4392,2477,0.49549909982,2176.23204641,576,0.115223044609,506.059611922,11,0.00220044008802,9.66433286657,1483,0.296659331866,1302.92778556,0,0.0,0.0,102,0.0204040808162,89.6147229446,350,0.0700140028006,307.5015003
42,Census Tract 40.04,87023,004004,6278,5362,3492,0.55622809812,2982.49506212,344,0.0547945205479,293.808219178,0,0.0,0.0,1905,0.303440586174,1627.04842306,0,0.0,0.0,334,0.0532016565785,285.267282574,203,0.0323351385792,173.381013061
43,Census Tract 40.05,65173,004005,4327,3705,2345,0.541945920961,2007.90963716,662,0.152992835683,566.838456205,67,0.0154841691703,57.3688467761,968,0.223711578461,828.851398197,5,0.00115553501271,4.28125722209,47,0.0108620291195,40.2438178877,233,0.0538479315923,199.50658655
44,Census Tract 40.06,50262,004006,5054,3885,2222,0.439651760981,1708.04709141,1089,0.215472892758,837.112188366,0,0.0,0.0,948,0.187574198655,728.725761773,0,0.0,0.0,108,0.0213692125049,83.0193905817,687,0.135931935101,528.095567867
45,Census Tract 40.08,79805,004008,3621,2768,2015,0.556476111571,1540.32587683,183,0.0505385252693,139.890637945,0,0.0,0.0,890,0.245788456228,680.342446838,13,0.00359016846175,9.93758630213,200,0.05523336095,152.88594311,320,0.08837337752,244.617508975
46,Census Tract 40.09,68474,004009,4763,3910,1573,0.33025404157,1291.29330254,974,0.204492966618,799.567499475,12,0.00251942053328,9.85093428511,1452,0.304849884527,1191.9630485,0,0.0,0.0,178,0.0373714045769,146.122191896,574,0.120512282175,471.203023305
47,Census Tract 40.10,52260,004010,5066,3962,1692,0.333991314647,1323.27358863,1644,0.324516383735,1285.73391236,22,0.00434267666798,17.2056849585,1079,0.212988551125,843.860639558,36,0.00710619818397,28.1547572049,47,0.00927753651796,36.7575996842,546,0.107777339124,427.013817608
48,Census Tract 40.11,110036,004011,2974,2483,1067,0.35877605918,890.840954943,282,0.0948217888366,235.442501681,0,0.0,0.0,1364,0.458641560188,1138.80699395,69,0.0232010759919,57.608271688,88,0.0295897780767,73.4714189644,104,0.034969737727,86.8298587761
49,Census Tract 40.12,108500,004012,3503,2842,1672,0.477305167,1356.50128461,346,0.0987724807308,280.711390237,0,0.0,0.0,1060,0.302597773337,859.982871824,0,0.0,0.0,59,0.0168427062518,47.8669711676,366,0.104481872681,296.937482158
50,Census Tract 41,27474,004100,4979,3448,2087,0.419160473991,1445.26531432,615,0.123518778871,425.892749548,70,0.0140590480016,48.4755975095,1637,0.328780879695,1133.63647319,49,0.00984133360112,33.9329182567,312,0.0626631853786,216.062663185,209,0.0419763004619,144.734283993
51,Census Tract 42.01,43929,004201,5411,3928,2618,0.48382923674,1900.48124191,1342,0.248013306228,974.196266864,22,0.00406579190538,15.9704306043,763,0.141009055627,553.883570505,0,0.0,0.0,450,0.0831639253373,326.667898725,216,0.0399186841619,156.800591388
52,Census Tract 42.02,35747,004202,5485,3931,1919,0.349863263446,1375.31248861,1139,0.207657247037,816.300638104,59,0.0107566089335,42.2842297174,1232,0.224612579763,882.952051048,330,0.0601640838651,236.505013674,552,0.10063810392,395.608386509,254,0.0463081130356,182.037192343
53,Census Tract 42.03,30142,004203,5492,3577,2000,0.364166059723,1302.62199563,1182,0.215222141296,769.849599417,0,0.0,0.0,1161,0.211398397669,756.172068463,247,0.0449745083758,160.87381646,272,0.0495265841224,177.156591406,630,0.114712308813,410.325928623
54,Census Tract 43,42166,004300,9293,6751,2503,0.269342515872,1818.33132465,2040,0.219520068869,1481.97998493,5,0.000538039384483,3.63230388464,1887,0.203056063704,1370.83148606,1270,0.136662003659,922.6051867,408,0.0439040137738,296.395996987,1180,0.126977294738,857.223716776
55,Census Tract 44.01,33125,004401,3911,3097,1315,0.33623114293,1041.30784965,827,0.211454870877,654.875735106,51,0.0130401431859,40.3853234467,877,0.224239324981,694.469189466,4,0.0010227563283,3.16747634876,478,0.122219381232,378.513423677,359,0.0917923804654,284.281002301
56,Census Tract 44.02,24225,004402,4688,3064,2014,0.429607508532,1316.31740614,493,0.105162116041,322.216723549,0,0.0,0.0,771,0.164462457338,503.912969283,0,0.0,0.0,1032,0.220136518771,674.498293515,378,0.0806313993174,247.054607509
57,Census Tract 45.01,25814,004501,3056,2208,1107,0.362238219895,799.821989529,279,0.0912958115183,201.581151832,64,0.020942408377,46.2408376963,1044,0.341623036649,754.303664921,212,0.0693717277487,153.172774869,335,0.109620418848,242.041884817,15,0.00490837696335,10.8376963351
58,Census Tract 45.02,24577,004502,4850,3236,1939,0.399793814433,1293.73278351,937,0.193195876289,625.18185567,11,0.00226804123711,7.3393814433,464,0.0956701030928,309.588453608,335,0.0690721649485,223.517525773,910,0.187628865979,607.167010309,254,0.0523711340206,169.472989691
59,Census Tract 46.01,27299,004601,7578,5154,3129,0.412905779889,2128.11638955,1401,0.184877276326,952.857482185,74,0.00976510952758,50.3293745051,1275,0.168250197941,867.16152019,19,0.00250725785168,12.9224069675,1113,0.146872525732,756.980997625,567,0.0748218527316,385.631828979
60,Census Tract 46.02,34118,004602,4813,3440,2895,0.601495948473,2069.14606275,423,0.087886972782,302.33118637,30,0.00623311863702,21.4419281114,427,0.088718055267,305.190110118,4,0.000831082484937,2.85892374818,664,0.137959692499,474.581342198,370,0.0768751298566,264.450446707
61,Census Tract 47.01,24000,004701,3418,2303,1455,0.425687536571,980.358396723,439,0.128437682855,295.791983616,44,0.0128730251609,29.6465769456,777,0.227325921592,523.531597425,12,0.00351082504389,8.08543007607,616,0.180222352253,415.052077238,75,0.0219426565243,50.5339379754
62,Census Tract 47.02,29495,004702,5450,3587,2137,0.392110091743,1406.49889908,962,0.176513761468,633.154862385,202,0.0370642201835,132.949357798,1064,0.195229357798,700.287706422,33,0.00605504587156,21.7194495413,564,0.103486238532,371.205137615,488,0.0895412844037,321.184587156
63,Census Tract 48.01,34457,004801,5751,4408,1337,0.232481307599,1024.77760389,828,0.143974960876,634.641627543,0,0.0,0.0,2632,0.457659537472,2017.36324118,119,0.0206920535559,91.2105720744,645,0.112154407929,494.376630151,190,0.0330377325682,145.630325161
64,Census Tract 48.02,34161,004802,4799,3346,1656,0.345071889977,1154.61054386,672,0.140029172744,468.537612003,29,0.0060429256095,20.2196290894,1479,0.308189206085,1031.20108356,35,0.00729318608043,24.4030006251,617,0.128568451761,430.190039592,311,0.0648051677433,216.838091269
65,Census Tract 49.03,31717,004903,7147,5056,2065,0.288932419197,1460.84231146,1762,0.246537008535,1246.49111515,18,0.00251853924724,12.733734434,2401,0.335945151812,1698.53868756,238,0.0333006856024,168.368266405,322,0.0450538687561,227.792360431,341,0.0477123268504,241.233524556
66,Census Tract 49.04,44365,004904,5787,4257,2847,0.491964748574,2094.29393468,671,0.115949542077,493.597200622,20,0.00345602211854,14.7122861586,1179,0.203732503888,867.289269051,54,0.00933125972006,39.7231726283,461,0.0796613098324,339.118195956,555,0.0959046137895,408.265940902
67,Census Tract 49.05,27039,004905,7283,4797,3425,0.47027323905,2255.90072772,2051,0.281614719209,1350.90580805,80,0.0109844844158,52.6925717424,933,0.128106549499,614.527117946,396,0.054373197858,260.828230125,204,0.0280104352602,134.366057943,194,0.0266373747082,127.779486475
68,Census Tract 49.06,43523,004906,3188,2376,1036,0.324968632371,772.125470514,809,0.253764115433,602.943538269,16,0.00501882057716,11.9247176913,767,0.240589711418,571.641154329,170,0.0533249686324,126.700125471,239,0.0749686323714,178.125470514,151,0.047365119197,112.539523212
69,Census Tract 50.01,39655,005001,9512,6774,4163,0.437657695542,2964.6932296,1479,0.155487804878,1053.27439024,107,0.0112489486964,76.2003784693,2580,0.271236333053,1837.3549201,233,0.0244953742641,165.931665265,310,0.032590412111,220.76745164,640,0.067283431455,455.777964676
70,Census Tract 50.02,26628,005002,6383,4931,2630,0.412031959893,2031.72959423,1376,0.215572614758,1062.98856337,28,0.00438665204449,21.6305812314,1378,0.215885947047,1064.53360489,200,0.0313332288892,154.504151653,343,0.053736487545,264.974620085,428,0.067053109823,330.638884537
71,Census Tract 51.01,35203,005101,4589,3258,2088,0.455001089562,1482.39354979,689,0.150141643059,489.161473088,11,0.00239703639137,7.80954456309,1215,0.264763565047,862.599694923,33,0.00719110917411,23.4286336893,158,0.0344301590761,112.17345827,395,0.0860753976901,280.433645674
72,Census Tract 51.02,41068,005102,5088,3798,2389,0.469536163522,1783.29834906,483,0.094929245283,360.541273585,200,0.0393081761006,149.29245283,1375,0.270243710692,1026.38561321,9,0.00176886792453,6.71816037736,237,0.0465801886792,176.911556604,395,0.0776336477987,294.85259434
73,Census Tract 52.01,20268,005201,3379,3132,1722,0.509618230246,1596.12429713,536,0.158626812666,496.819177271,24,0.00710269310447,22.2456348032,460,0.136134951169,426.374667061,23,0.00680674755845,21.3187333531,513,0.151820065108,475.500443918,101,0.029890500148,93.6170464635
74,Census Tract 52.02,63065,005202,3454,2971,2748,0.795599305153,2363.72553561,161,0.0466126230457,138.486103069,52,0.0150550086856,44.7284308049,137,0.0396641574986,117.842211928,0,0.0,0.0,166,0.0480602200347,142.786913723,190,0.0550086855819,163.430804864
75,Census Tract 52.04,74328,005204,4471,3579,3443,0.770073808991,2756.09416238,162,0.0362335048088,129.679713711,14,0.00313129053903,11.2068888392,311,0.0695593826884,248.953030642,5,0.00111831804965,4.00246029971,354,0.0791769179155,283.374189219,182,0.0407067770074,145.689554909
76,Census Tract 52.05,26765,005205,2070,1648,1383,0.668115942029,1101.05507246,308,0.148792270531,245.209661836,0,0.0,0.0,190,0.0917874396135,151.265700483,0,0.0,0.0,101,0.0487922705314,80.4096618357,88,0.0425120772947,70.0599033816
77,Census Tract 53.01,11572,005301,1064,741,458,0.43045112782,318.964285714,304,0.285714285714,211.714285714,21,0.0197368421053,14.625,26,0.0244360902256,18.1071428571,0,0.0,0.0,132,0.124060150376,91.9285714286,123,0.115601503759,85.6607142857
78,Census Tract 54.02,40349,005402,2603,2379,1782,0.684594698425,1628.65078755,175,0.0672301190934,159.940453323,6,0.00230503265463,5.48367268536,276,0.106031502113,252.248943527,0,0.0,0.0,251,0.0964271993853,229.400307338,113,0.0434114483289,103.275835574
79,Census Tract 54.03,73125,005403,2264,2154,1711,0.75574204947,1627.86837456,83,0.0366607773852,78.9673144876,0,0.0,0.0,222,0.0980565371025,211.213780919,4,0.0017667844523,3.80565371025,227,0.100265017668,215.970848057,17,0.00750883392226,16.1740282686
80,Census Tract 54.04,74547,005404,5340,4557,4384,0.820973782772,3741.17752809,110,0.0205992509363,93.8707865169,11,0.00205992509363,9.38707865169,512,0.0958801498127,436.925842697,0,0.0,0.0,172,0.0322097378277,146.779775281,151,0.0282771535581,128.858988764
81,Census Tract 55.02,30424,005502,5260,3934,2553,0.48536121673,1909.41102662,321,0.0610266159696,240.078707224,95,0.0180608365019,71.0513307985,460,0.0874524714829,344.038022814,5,0.000950570342205,3.73954372624,1385,0.263307984791,1035.85361217,441,0.0838403041825,329.827756654
82,Census Tract 55.05,31285,005505,5048,3639,2477,0.490689381933,1785.61866086,800,0.158478605388,576.703645008,105,0.0208003169572,75.6923534073,498,0.0986529318542,358.998019017,0,0.0,0.0,665,0.131735340729,479.384904913,503,0.0996434231379,362.602416799
83,Census Tract 55.06,27167,005506,3072,2313,1316,0.428385416667,990.85546875,752,0.244791666667,566.203125,13,0.00423177083333,9.7880859375,180,0.05859375,135.52734375,0,0.0,0.0,506,0.164713541667,380.982421875,305,0.0992838541667,229.643554688
84,Census Tract 55.08,43910,005508,3329,2902,2100,0.630820066086,1830.63983178,220,0.0660859116852,191.78131571,79,0.0237308501051,68.8669270051,419,0.12586362271,365.256233103,0,0.0,0.0,271,0.0814058275758,236.239711625,240,0.0720937218384,209.215980775
85,Census Tract 55.09,35000,005509,1859,1589,823,0.442711135019,703.467993545,282,0.151694459387,241.042495966,29,0.0155997848306,24.7880580958,328,0.17643894567,280.361484669,0,0.0,0.0,224,0.120494889726,191.466379774,173,0.0930607853685,147.873587951
86,Census Tract 55.10,39530,005510,4108,3644,2566,0.624634858812,2276.16942551,665,0.161879259981,589.888023369,15,0.00365141187926,13.305744888,423,0.102969814995,375.222005842,0,0.0,0.0,306,0.0744888023369,271.437195716,133,0.0323758519961,117.977604674
87,Census Tract 56.01,43525,005601,4830,3923,3619,0.749275362319,2939.40724638,719,0.148861283644,583.982815735,0,0.0,0.0,119,0.0246376811594,96.6536231884,0,0.0,0.0,90,0.0186335403727,73.099378882,283,0.0585921325052,229.856935818
88,Census Tract 56.05,43611,005605,3565,2536,1813,0.508555399719,1289.69649369,212,0.0594670406732,150.808415147,0,0.0,0.0,151,0.0423562412342,107.41542777,8,0.00224403927069,5.69088359046,972,0.272650771388,691.442356241,409,0.114726507714,290.946423562
89,Census Tract 56.06,59844,005606,4421,3517,3306,0.747794616603,2629.99366659,260,0.0588102239312,206.835557566,0,0.0,0.0,309,0.0698936892106,245.816104954,0,0.0,0.0,92,0.0208097715449,73.1879665234,454,0.102691698711,361.166704366
90,Census Tract 57.01,79806,005701,3000,2292,2100,0.7,1604.4,210,0.07,160.44,0,0.0,0.0,333,0.111,254.412,3,0.001,2.292,190,0.0633333333333,145.16,164,0.0546666666667,125.296
91,Census Tract 57.02,126348,005702,4560,3426,3772,0.827192982456,2833.96315789,50,0.0109649122807,37.5657894737,0,0.0,0.0,262,0.0574561403509,196.844736842,8,0.00175438596491,6.01052631579,174,0.0381578947368,130.728947368,294,0.0644736842105,220.886842105
92,Census Tract 58.01,66167,005801,5356,4274,4401,0.821695294996,3511.92569081,148,0.0276325616131,118.101568335,0,0.0,0.0,207,0.0386482449589,165.182598954,0,0.0,0.0,48,0.00896191187453,38.3032113518,552,0.103061986557,440.486930545
93,Census Tract 58.03,114286,005803,3760,2958,3183,0.846542553191,2504.07287234,7,0.00186170212766,5.50691489362,15,0.00398936170213,11.8005319149,229,0.0609042553191,180.154787234,0,0.0,0.0,160,0.0425531914894,125.872340426,166,0.0441489361702,130.592553191
94,Census Tract 58.04,101875,005804,2530,2028,2088,0.825296442688,1673.70118577,26,0.0102766798419,20.8411067194,0,0.0,0.0,220,0.0869565217391,176.347826087,57,0.0225296442688,45.6901185771,25,0.0098814229249,20.0395256917,114,0.0450592885375,91.3802371542
95,Census Tract 59.01,85486,005901,6260,5172,5029,0.803354632588,4154.95015974,342,0.0546325878594,282.559744409,18,0.00287539936102,14.8715654952,363,0.0579872204473,299.909904153,0,0.0,0.0,165,0.026357827476,136.322683706,343,0.0547923322684,283.385942492
96,Census Tract 59.03,33324,005903,2338,1726,1755,0.750641573995,1295.60735672,175,0.0748502994012,129.191616766,0,0.0,0.0,220,0.0940975192472,162.412318221,0,0.0,0.0,113,0.0483319076133,83.4208725406,75,0.0320786997434,55.3678357571
97,Census Tract 59.04,52102,005904,4788,3518,3868,0.807852965748,2842.0267335,119,0.0248538011696,87.4356725146,62,0.0129490392648,45.5547201337,162,0.0338345864662,119.030075188,2,0.000417710944027,1.46950710109,148,0.030910609858,108.74352548,427,0.0891812865497,313.739766082
98,Census Tract 60.02,42667,006002,3909,3210,3058,0.782297262727,2511.17421335,142,0.036326426196,116.607828089,126,0.0322333077513,103.468917882,99,0.0253261703761,81.2970069071,0,0.0,0.0,114,0.0291634689179,93.6147352264,370,0.0946533640317,303.837298542
99,Census Tract 60.03,39878,006003,4650,3506,3513,0.755483870968,2648.72645161,378,0.0812903225806,285.003870968,23,0.00494623655914,17.3415053763,216,0.0464516129032,162.859354839,67,0.0144086021505,50.5165591398,228,0.0490322580645,171.907096774,225,0.0483870967742,169.64516129
100,Census Tract 60.04,62162,006004,2451,2008,2017,0.822929416565,1652.44226846,170,0.0693594451244,139.27376581,0,0.0,0.0,186,0.0758873929009,152.381884945,0,0.0,0.0,38,0.015503875969,31.1317829457,40,0.016319869441,32.7702978376
101,Census Tract 61.01,33051,006101,4824,3780,3278,0.67951907131,2568.58208955,593,0.122927031509,464.664179104,86,0.0178275290216,67.3880597015,284,0.058872305141,222.537313433,0,0.0,0.0,262,0.054311774461,205.298507463,321,0.0665422885572,251.529850746
102,Census Tract 61.02,31453,006102,3490,2875,2307,0.661031518625,1900.46561605,487,0.139541547278,401.181948424,182,0.0521489971347,149.928366762,201,0.0575931232092,165.580229226,7,0.00200573065903,5.7664756447,249,0.0713467048711,205.121776504,57,0.0163323782235,46.9555873926
103,Census Tract 62.01,26168,006201,6447,4474,2867,0.444702962618,1989.60105475,1497,0.232201023732,1038.86738018,250,0.0387777260741,173.491546456,359,0.0556848146425,249.13386071,0,0.0,0.0,1283,0.199007290213,890.358616411,191,0.0296261827206,132.547541492
104,Census Tract 62.02,23732,006202,3200,2549,2108,0.65875,1679.15375,320,0.1,254.9,27,0.0084375,21.5071875,238,0.074375,189.581875,6,0.001875,4.779375,336,0.105,267.645,165,0.0515625,131.4328125
105,Census Tract 63,30328,006300,5580,4202,3072,0.550537634409,2313.35913978,616,0.110394265233,463.876702509,4,0.000716845878136,3.01218637993,346,0.0620071684588,260.554121864,24,0.00430107526882,18.0731182796,1216,0.217921146953,915.704659498,302,0.0541218637993,227.420071685
106,Census Tract 64,35741,006400,5244,3529,3248,0.619374523265,2185.7726926,379,0.0722730739893,255.051678108,52,0.00991609458429,34.9938977879,129,0.0245995423341,86.811784897,224,0.0427154843631,150.742944317,933,0.177917620137,627.871281465,279,0.0532036613272,187.755720824
107,Census Tract 65,35250,006500,6965,4616,2500,0.358937544867,1656.85570711,1462,0.209906676238,968.929217516,48,0.00689160086145,31.8116295765,894,0.128356066045,592.491600861,337,0.0483847810481,223.344149318,1137,0.163244795406,753.537975592,587,0.0842785355348,389.029720029
108,Census Tract 66,27351,006600,6718,4478,2652,0.394760345341,1767.73682644,1482,0.220601369455,987.85293242,90,0.0133968442989,59.9910687705,985,0.14662101816,656.568919321,51,0.00759154510271,33.9949389699,1070,0.159273593331,713.227150938,388,0.0577552843108,258.628163144
109,Census Tract 67.01,44984,006701,8908,6055,3094,0.347328244275,2103.07251908,987,0.110799281545,670.889649753,21,0.00235743152223,14.2742478671,2155,0.241917377638,1464.8097216,371,0.0416479568927,252.178378985,2028,0.227660529861,1378.48450831,252,0.0282891782667,171.290974405
110,Census Tract 67.02,31712,006702,6899,4370,2448,0.354834033918,1550.62472822,1295,0.187708363531,820.28554863,154,0.0223220756631,97.5474706479,1466,0.21249456443,928.601246557,162,0.0234816640093,102.614871721,961,0.13929555008,608.721553848,413,0.0598637483693,261.604580374
111,Census Tract 68,22313,006800,7722,5394,2348,0.304066304066,1640.13364413,798,0.103341103341,557.421911422,132,0.017094017094,92.2051282051,743,0.0962185962186,519.003108003,96,0.012432012432,67.0582750583,3100,0.40145040145,2165.42346542,505,0.0653975653976,352.754467754
112,Census Tract 69,25503,006900,4502,3659,2472,0.549089293647,2009.11772546,952,0.211461572634,773.737894269,0,0.0,0.0,339,0.0752998667259,275.52221235,9,0.001999111506,7.31474900044,346,0.0768547312306,281.211461573,384,0.0852954242559,312.095957352
113,Census Tract 70.01,41304,007001,4225,2919,1810,0.428402366864,1250.50650888,172,0.0407100591716,118.832662722,43,0.0101775147929,29.7081656805,644,0.152426035503,444.931597633,0,0.0,0.0,1146,0.27124260355,791.757159763,410,0.0970414201183,283.263905325
114,Census Tract 70.04,37526,007004,7201,5447,3101,0.430634634079,2345.66685183,1190,0.165254825719,900.143035689,118,0.0163866129704,89.2578808499,600,0.0833217608665,453.85363144,172,0.0238855714484,130.104707679,1287,0.178725177059,973.516039439,733,0.101791417859,554.457853076
115,Census Tract 70.07,54694,007007,5528,4091,3228,0.583936324168,2388.88350217,508,0.0918958031838,375.945730825,39,0.00705499276411,28.861975398,342,0.0618668596237,253.097322721,161,0.0291244573082,119.148154848,1104,0.199710564399,817.015918958,146,0.0264109985528,108.04739508
116,Census Tract 70.10,57478,007010,3663,3091,2083,0.56865956866,1757.72672673,336,0.0917280917281,283.531531532,29,0.00791700791701,24.4714714715,523,0.142779142779,441.33033033,9,0.002457002457,7.59459459459,353,0.0963690963691,297.876876877,330,0.0900900900901,278.468468468
117,Census Tract 70.11,50153,007011,6378,4771,2775,0.435089369708,2075.81138288,1020,0.159924741298,763.000940734,12,0.00188146754468,8.97648165569,858,0.134524929445,641.818438382,0,0.0,0.0,1032,0.161806208843,771.977422389,681,0.106773283161,509.41533396
118,Census Tract 70.12,54167,007012,3265,2551,1649,0.505053598775,1288.39173047,636,0.194793261868,496.917611026,7,0.00214395099541,5.46921898928,249,0.0762633996937,194.547932619,7,0.00214395099541,5.46921898928,435,0.133231240429,339.872894334,282,0.0863705972435,220.331393568
119,Census Tract 70.13,60682,007013,3192,2418,1757,0.550438596491,1330.96052632,521,0.163220551378,394.667293233,35,0.0109649122807,26.5131578947,327,0.102443609023,247.708646617,68,0.0213032581454,51.5112781955,302,0.0946115288221,228.770676692,182,0.0570175438596,137.868421053
120,Census Tract 70.14,58611,007014,7560,5428,3600,0.47619047619,2584.76190476,1531,0.202513227513,1099.24179894,194,0.0256613756614,139.28994709,567,0.075,407.1,0,0.0,0.0,1144,0.151322751323,821.37989418,524,0.0693121693122,376.226455026
121,Census Tract 70.15,60724,007015,4653,3633,2401,0.516011175586,1874.6686009,753,0.161831076725,587.932301741,0,0.0,0.0,783,0.168278529981,611.35589942,35,0.00752202879862,27.3275306254,264,0.0567375886525,206.127659574,417,0.0896196002579,325.588007737
122,Census Tract 70.16,76964,007016,5653,3937,2031,0.359278259331,1414.47850699,1012,0.179019989386,704.801698213,0,0.0,0.0,1683,0.297718025827,1172.11586768,167,0.0295418361932,116.306209093,382,0.0675747390766,266.041747745,378,0.0668671501857,263.255970281
123,Census Tract 70.17,87054,007017,3060,2248,1438,0.469934640523,1056.4130719,247,0.0807189542484,181.45620915,48,0.0156862745098,35.262745098,538,0.175816993464,395.236601307,0,0.0,0.0,369,0.120588235294,271.082352941,420,0.137254901961,308.549019608
124,Census Tract 70.18,59531,007018,4902,4062,1682,0.343125254998,1393.7747858,266,0.0542635658915,220.418604651,12,0.00244798041616,9.94369645043,1852,0.37780497756,1534.64381885,51,0.0104039167687,42.2607099143,216,0.0440636474908,178.986536108,823,0.167890656875,681.971848225
125,Census Tract 70.19,19592,007019,920,590,337,0.366304347826,216.119565217,240,0.260869565217,153.913043478,0,0.0,0.0,182,0.197826086957,116.717391304,25,0.0271739130435,16.0326086957,69,0.075,44.25,67,0.0728260869565,42.9673913043
126,Census Tract 70.20,84053,007020,4761,3589,2781,0.584120982987,2096.41020794,405,0.0850661625709,305.302457467,105,0.0220541902962,79.1524889729,738,0.155009451796,556.328922495,0,0.0,0.0,466,0.0978785969334,351.286284394,266,0.0558706154169,200.519638731
127,Census Tract 71.01,110709,007101,188,177,181,0.962765957447,170.409574468,7,0.0372340425532,6.59042553191,0,0.0,0.0,0,0.0,0.0,0,0.0,0.0,0,0.0,0.0,0,0.0,0.0
128,Census Tract 71.02,71047,007102,7847,6215,3774,0.480948133044,2989.09264687,853,0.108703963298,675.595131898,169,0.0215368930802,133.851790493,2419,0.308270676692,1915.90225564,30,0.00382311711482,23.7606728686,206,0.0262520708551,163.156620364,396,0.0504651459156,313.640881866
129,Census Tract 71.03,71344,007103,4240,3263,1513,0.356839622642,1164.36768868,361,0.085141509434,277.816745283,11,0.00259433962264,8.46533018868,1281,0.302122641509,985.826179245,62,0.0146226415094,47.7136792453,670,0.158018867925,515.615566038,342,0.0806603773585,263.194811321
130,Census Tract 71.04,83250,007104,8193,5237,4071,0.496887586964,2602.20029293,1184,0.144513609179,756.817771268,0,0.0,0.0,2106,0.25704870011,1346.16404248,60,0.00732332478945,38.3522519224,134,0.0163554253631,85.6533626266,638,0.0778713535945,407.812278775
131,Census Tract 71.05,60238,007105,6872,5362,3070,0.446740395809,2395.42200233,649,0.0944412107101,506.393771828,0,0.0,0.0,1938,0.282013969732,1512.1589057,86,0.0125145518044,67.1030267753,774,0.11263096624,603.927240978,355,0.0516589057043,276.995052386
132,Census Tract 71.06,97365,007106,8448,6019,4276,0.50615530303,3046.54876894,775,0.0917376893939,552.169152462,1,0.000118371212121,0.712476325758,2136,0.252840909091,1521.84943182,314,0.0371685606061,223.717566288,474,0.0561079545455,337.713778409,472,0.0558712121212,336.288825758
133,Census Tract 71.07,98681,007107,3395,2652,1448,0.426509572901,1131.10338733,669,0.1970544919,522.588512518,32,0.00942562592047,24.9967599411,856,0.252135493373,668.663328424,19,0.00559646539028,14.841826215,75,0.0220913107511,58.5861561119,296,0.0871870397644,231.220029455
134,Census Tract 72.02,50774,007202,3776,2750,2511,0.66498940678,1828.72086864,88,0.0233050847458,64.0889830508,0,0.0,0.0,439,0.11626059322,319.716631356,0,0.0,0.0,514,0.136122881356,374.337923729,224,0.0593220338983,163.13559322
135,Census Tract 72.04,55284,007204,4605,3415,2812,0.610640608035,2085.33767644,427,0.0927252985885,316.65689468,75,0.0162866449511,55.6188925081,672,0.145928338762,498.345276873,0,0.0,0.0,326,0.070792616721,241.756786102,293,0.0636264929425,217.284473398
136,Census Tract 72.06,60179,007206,4075,3029,3280,0.80490797546,2438.06625767,83,0.0203680981595,61.6949693252,141,0.0346012269939,104.807116564,176,0.0431901840491,130.823067485,0,0.0,0.0,166,0.040736196319,123.38993865,229,0.0561963190184,170.218650307
137,Census Tract 72.07,56850,007207,4210,3167,3049,0.724228028504,2293.63016627,64,0.0152019002375,48.1444180523,23,0.00546318289786,17.3019002375,532,0.126365795724,400.200475059,0,0.0,0.0,474,0.112589073634,356.5695962,68,0.0161520190024,51.1534441805
138,Census Tract 72.08,55410,007208,4359,3294,3069,0.70406056435,2319.17549897,243,0.0557467309016,183.62973159,13,0.00298233539803,9.8238128011,644,0.14774030741,486.656572608,9,0.0020646937371,6.80110116999,232,0.053223216334,175.317274604,149,0.0341821518697,112.596008259
139,Census Tract 72.09,46414,007209,3819,2850,3015,0.789473684211,2250.0,88,0.0230426813302,65.671641791,44,0.0115213406651,32.8358208955,204,0.0534171249018,152.23880597,0,0.0,0.0,326,0.0853626603823,243.28358209,142,0.0371825085101,105.970149254
140,Census Tract 73.01,30066,007301,5205,3776,3004,0.577137367915,2179.27070125,731,0.140441882805,530.308549472,64,0.0122958693564,46.4292026897,331,0.0635926993276,240.126032661,0,0.0,0.0,737,0.141594620557,534.661287224,338,0.0649375600384,245.204226705
141,Census Tract 74.02,43877,007402,6384,4579,4781,0.748903508772,3429.22916667,577,0.0903822055138,413.860119048,22,0.00344611528822,15.7797619048,435,0.0681390977444,312.008928571,0,0.0,0.0,428,0.0670426065163,306.988095238,141,0.0220864661654,101.133928571
142,Census Tract 74.03,43927,007403,5017,3424,2850,0.568068566873,1945.06677297,968,0.192943990433,660.640223241,29,0.00578034682081,19.7919075145,189,0.0376719154873,128.988638629,30,0.00597966912498,20.4743870839,644,0.128363563883,439.516842735,307,0.0611919473789,209.521227825
143,Census Tract 74.06,36420,007406,8775,6329,6267,0.714188034188,4520.09606838,667,0.0760113960114,481.076125356,0,0.0,0.0,658,0.0749857549858,474.584843305,33,0.00376068376068,23.8013675214,567,0.0646153846154,408.950769231,583,0.0664387464387,420.490826211
144,Census Tract 74.13,39198,007413,6634,4463,4508,0.679529695508,3032.74103105,619,0.093307205306,416.430057281,23,0.00346698824239,15.4731685258,545,0.0821525474827,366.646819415,2,0.000301477238468,1.34549291528,627,0.0945131142599,421.812028942,310,0.0467289719626,208.551401869
145,Census Tract 74.14,44924,007414,4183,3104,2730,0.652641644753,2025.79966531,430,0.10279703562,319.081998566,81,0.0193640927564,60.1061439158,354,0.0846282572317,262.686110447,8,0.00191250298829,5.93640927564,365,0.0872579488405,270.848673201,215,0.0513985178102,159.540999283
146,Census Tract 74.15,57552,007415,3128,2406,1927,0.61604859335,1482.2129156,256,0.0818414322251,196.910485934,33,0.0105498721228,25.3829923274,81,0.025895140665,62.3037084399,65,0.0207800511509,49.9968030691,189,0.0604219948849,145.375319693,577,0.184462915601,443.817774936
147,Census Tract 74.16,50813,007416,4096,3400,2558,0.62451171875,2123.33984375,347,0.084716796875,288.037109375,19,0.004638671875,15.771484375,461,0.112548828125,382.666015625,0,0.0,0.0,317,0.077392578125,263.134765625,394,0.09619140625,327.05078125
148,Census Tract 74.17,60833,007417,3312,2455,2178,0.657608695652,1614.42934783,310,0.0935990338164,229.785628019,0,0.0,0.0,456,0.13768115942,338.007246377,0,0.0,0.0,193,0.0582729468599,143.060084541,175,0.0528381642512,129.717693237
149,Census Tract 74.21,81574,007421,9207,6368,6736,0.731617247746,4658.93863365,426,0.0462691430433,294.6419029,137,0.0148799826219,94.7557293364,1036,0.112523080265,716.546975128,180,0.019550342131,124.49657869,253,0.0274790919952,174.986857826,439,0.0476811121972,303.633322472
150,Census Tract 74.22,43875,007422,2607,1797,1908,0.731875719217,1315.18066743,106,0.0406597621787,73.0655926352,6,0.00230149597238,4.13578826237,107,0.0410433448408,73.7548906789,0,0.0,0.0,318,0.121979286536,219.196777906,162,0.0621403912543,111.666283084
151,Census Tract 74.23,25027,007423,4709,3238,2346,0.498194945848,1613.15523466,1049,0.222764918242,721.312805267,91,0.019324697388,62.5733701423,127,0.0269696326184,87.3276704183,45,0.00955616903801,30.9428753451,557,0.118284136759,383.004034827,494,0.104905500106,339.684009344
152,Census Tract 74.24,29375,007424,3614,2652,2204,0.609850581074,1617.32374101,635,0.175705589375,465.971223022,0,0.0,0.0,6,0.0016602102933,4.40287769784,0,0.0,0.0,504,0.139457664638,369.841726619,265,0.0733259546209,194.460431655
153,Census Tract 74.26,55197,007426,2253,1588,1346,0.597425654683,948.711939636,136,0.0603639591656,95.8579671549,22,0.00976475810031,15.5064358633,191,0.0847758544163,134.624056813,82,0.0363959165557,57.7967154905,143,0.063470927652,100.791833111,333,0.147802929427,234.711051931
154,Census Tract 74.27,57176,007427,7445,5167,5122,0.687978509066,3554.78495635,488,0.0655473472129,338.683143049,78,0.0104768300873,54.1337810611,437,0.0586971121558,303.287978509,60,0.00805910006716,41.641370047,576,0.0773673606447,399.757152451,684,0.0918737407656,474.711618536
155,Census Tract 74.28,62317,007428,3612,2760,2431,0.673034330011,1857.57475083,301,0.0833333333333,230.0,0,0.0,0.0,222,0.0614617940199,169.634551495,25,0.00692137320044,19.1029900332,427,0.118217054264,326.279069767,206,0.0570321151717,157.408637874
156,Census Tract 74.29,38750,007429,5193,3721,3390,0.652801848642,2429.0756788,537,0.103408434431,384.782784518,62,0.0119391488542,44.4255728866,460,0.0885807818217,329.609089158,0,0.0,0.0,174,0.0335066435586,124.678220682,570,0.109763142692,408.428653957
157,Census Tract 74.30,57628,007430,7733,5607,4878,0.630803051856,3536.91271175,735,0.0950472003104,532.92965214,36,0.00465537307643,26.1026768395,847,0.109530583215,614.137980085,143,0.0184921763869,103.685633001,792,0.102418207681,574.258890469,302,0.0390534074745,218.972455709
158,Census Tract 74.31,64940,007431,3557,2548,2239,0.629463030644,1603.87180208,232,0.0652235029519,166.189485522,24,0.00674725892606,17.1920157436,462,0.129884734327,330.946303064,141,0.0396401461906,101.003092494,157,0.044138318808,112.464436323,302,0.0849030081529,216.332864774
159,Census Tract 74.32,76396,007432,5309,3745,3909,0.736296854398,2757.43171972,599,0.11282727444,422.538142776,0,0.0,0.0,185,0.0348464870974,130.50009418,26,0.00489734413261,18.3405537766,328,0.0617818798267,231.373139951,262,0.0493501601055,184.816349595
160,Census Tract 74.33,65139,007433,8156,6019,4444,0.544874938695,3279.60225601,1052,0.128984796469,776.359489946,26,0.00318783717509,19.1875919568,1233,0.151177047572,909.934649338,225,0.0275870524767,166.046468857,372,0.0456105934282,274.530161844,804,0.0985777341834,593.33938205
161,Census Tract 75.01,36104,007501,6358,4638,3918,0.616231519346,2858.08178673,365,0.0574079899339,266.258257314,48,0.00754954388172,35.0147845234,199,0.0312991506763,145.165460837,55,0.00865051903114,40.1211072664,1213,0.190783265178,884.852783894,560,0.0880780119534,408.50581944
162,Census Tract 75.03,43821,007503,5302,3739,3503,0.660694077707,2470.33515654,777,0.146548472275,547.944737835,0,0.0,0.0,531,0.100150886458,374.464164466,25,0.00471520181064,17.63013957,141,0.026593738212,99.4339871747,325,0.0612976235383,229.19181441
163,Census Tract 75.04,47250,007504,2034,1601,1583,0.778269419862,1246.0093412,55,0.0270403146509,43.2915437561,8,0.0039331366765,6.29695181908,59,0.0290068829892,46.4400196657,17,0.00835791543756,13.3810226155,183,0.0899705014749,144.042772861,129,0.0634218289086,101.538348083
164,Census Tract 76.01,52909,007601,6767,5492,5505,0.813506723807,4467.77892715,472,0.069750258608,383.068420275,21,0.00310329540417,17.0432983597,44,0.00650214275159,35.7097679917,63,0.0093098862125,51.1298950791,84,0.0124131816167,68.1731934387,578,0.0854145116004,469.096497709
165,Census Tract 76.02,42027,007602,4916,3805,3714,0.755492270138,2874.64808788,326,0.0663140764849,252.325061025,8,0.00162733930024,6.19202603743,227,0.0461757526444,175.698738812,30,0.00610252237592,23.2200976404,159,0.0323433685924,123.066517494,452,0.0919446704638,349.849471115
166,Census Tract 77.01,45464,007701,6388,5068,4913,0.76909830933,3897.79023168,448,0.070131496556,355.426424546,49,0.00767063243582,38.8747651847,208,0.0325610519724,165.019411396,2,0.000313087038197,1.58672510958,369,0.0577645585473,292.750782718,399,0.0624608641202,316.551659361
167,Census Tract 77.02,76205,007702,4148,3404,3177,0.765911282546,2607.16200579,123,0.0296528447445,100.93828351,78,0.0188042430087,64.0096432015,268,0.0646094503375,219.930568949,175,0.0421890067502,143.611378978,23,0.00554484088717,18.8746383799,304,0.0732883317261,249.473481196
168,Census Tract 78.01,45867,007801,5949,4667,5013,0.842662632375,3932.7065053,388,0.0652210455539,304.3866196,139,0.0233652714742,109.04572197,221,0.0371491006892,173.374852916,0,0.0,0.0,33,0.00554715078164,25.8885526979,155,0.0260547991259,121.597747521
169,Census Tract 78.02,50111,007802,4982,4198,3949,0.79265355279,3327.55961461,462,0.0927338418306,389.296668005,48,0.00963468486552,40.4464070654,245,0.0491770373344,206.44520273,0,0.0,0.0,0,0.0,0.0,278,0.0558008831794,234.252107587
170,Census Tract 79.03,70020,007903,5059,3744,4025,0.795611780984,2978.77050801,351,0.0693813006523,259.763589642,27,0.0053370231271,19.9818145879,174,0.0343941490413,128.771694011,0,0.0,0.0,110,0.0217434275549,81.4073927654,372,0.07353231864,275.305000988
171,Census Tract 79.04,75996,007904,5122,3888,4620,0.901991409606,3506.94260055,108,0.0210855134713,81.9804763764,0,0.0,0.0,87,0.0169855525185,66.0398281921,24,0.00468566966029,18.2178836392,31,0.00605232331121,23.531433034,252,0.049199531433,191.287778212
172,Census Tract 79.05,73078,007905,4436,3616,3722,0.83904418395,3033.98376916,101,0.0227682596934,82.3300270514,8,0.00180342651037,6.5211902615,203,0.0457619477006,165.475202885,61,0.0137511271416,49.7240757439,57,0.0128494138864,46.4634806132,284,0.0640216411181,231.502254283
173,Census Tract 79.06,53640,007906,3595,2935,2953,0.821418636996,2410.86369958,43,0.0119610570236,35.1057023644,11,0.00305980528512,8.98052851182,217,0.0603616133519,177.161335188,0,0.0,0.0,69,0.0191933240612,56.3324061196,302,0.0840055632823,246.556328234
174,Census Tract 80.05,100952,008005,4400,3679,4036,0.917272727273,3374.64636364,33,0.0075,27.5925,0,0.0,0.0,131,0.0297727272727,109.533863636,0,0.0,0.0,109,0.0247727272727,91.1388636364,91,0.0206818181818,76.0884090909
175,Census Tract 80.06,71817,008006,5855,4672,5265,0.899231426132,4201.20922289,76,0.0129803586678,60.644235696,38,0.0064901793339,30.322117848,233,0.0397950469684,185.922459436,0,0.0,0.0,89,0.0152006831768,71.0175918019,154,0.0263023057216,122.884372331
176,Census Tract 80.07,52313,008007,3265,2517,2685,0.822358346095,2069.87595712,67,0.0205206738132,51.6505359877,8,0.00245022970904,6.16722817764,159,0.0486983154671,122.573660031,0,0.0,0.0,252,0.0771822358346,194.267687596,94,0.0287901990812,72.4649310873
177,Census Tract 80.08,76865,008008,4918,3942,4154,0.844652297682,3329.61935746,118,0.02399349329,94.582350549,80,0.0162667751118,64.1236274908,220,0.0447336315575,176.3399756,0,0.0,0.0,60,0.0122000813339,48.0927206181,286,0.0581537210248,229.24196828
178,Census Tract 80.09,64081,008009,4629,3765,3894,0.841218405703,3167.18729747,177,0.0382372002592,143.963058976,0,0.0,0.0,216,0.0466623460791,175.683732988,6,0.00129617627997,4.8801036941,174,0.0375891121192,141.523007129,162,0.0349967595593,131.762799741
179,Census Tract 80.10,66298,008010,4984,3952,4230,0.848715890851,3354.12520064,33,0.00662118780096,26.1669341894,1,0.000200642054575,0.792937399679,536,0.107544141252,425.014446228,0,0.0,0.0,47,0.00943017656501,37.2680577849,137,0.0274879614767,108.632423756
180,Census Tract 81.11,56620,008111,6427,5158,5254,0.817488719465,4216.606815,12,0.00186712307453,9.63062081842,0,0.0,0.0,493,0.0767076396452,395.65800529,49,0.00762408588766,39.3250350086,357,0.0555469114672,286.510969348,262,0.0407655204606,210.268554536
181,Census Tract 81.13,50277,008113,3616,2816,3359,0.92892699115,2615.85840708,26,0.00719026548673,20.2477876106,0,0.0,0.0,51,0.0141039823009,39.7168141593,0,0.0,0.0,82,0.0226769911504,63.8584070796,98,0.0271017699115,76.3185840708
182,Census Tract 81.17,63750,008117,2072,1695,1633,0.788127413127,1335.87596525,181,0.0873552123552,148.067084942,10,0.00482625482625,8.1805019305,75,0.0361969111969,61.3537644788,0,0.0,0.0,116,0.0559845559846,94.8938223938,57,0.0275096525097,46.6288610039
183,Census Tract 81.19,63358,008119,5680,4396,4668,0.821830985915,3612.76901408,42,0.00739436619718,32.5056338028,190,0.0334507042254,147.049295775,151,0.0265845070423,116.865492958,0,0.0,0.0,471,0.0829225352113,364.527464789,158,0.0278169014085,122.283098592
184,Census Tract 81.20,48353,008120,4258,3384,3364,0.790042273368,2673.50305308,179,0.0420385157351,142.258337248,46,0.0108031939878,36.5580084547,116,0.0272428370127,92.1897604509,0,0.0,0.0,216,0.050728041334,171.663691874,337,0.0791451385627,267.827148896
185,Census Tract 81.22,63580,008122,3439,2749,3055,0.888339633614,2442.04565281,72,0.0209363186973,57.5539400989,76,0.0220994475138,60.7513812155,198,0.0575748764176,158.273335272,0,0.0,0.0,38,0.0110497237569,30.3756906077,0,0.0,0.0
186,Census Tract 81.24,80368,008124,4472,3589,4083,0.91301431127,3276.80836315,98,0.0219141323792,78.6498211091,64,0.0143112701252,51.3631484794,45,0.0100626118068,36.1147137746,0,0.0,0.0,12,0.00268336314848,9.63059033989,170,0.0380143112701,136.433363148
187,Census Tract 81.25,60319,008125,5243,4384,3989,0.760823955751,3335.45222201,71,0.0135418653443,59.3675376693,153,0.0291817661644,127.932862865,169,0.0322334541293,141.311462903,0,0.0,0.0,582,0.111005149723,486.646576388,279,0.053213808888,233.289338165
188,Census Tract 81.27,57571,008127,5671,3787,4773,0.841650502557,3187.33045318,67,0.0118144947981,44.7414918004,142,0.0250396755422,94.8252512784,183,0.0322694410157,122.204373126,0,0.0,0.0,233,0.0410862281785,155.593546112,273,0.0481396579087,182.3048845
189,Census Tract 81.28,51333,008128,2200,1708,1803,0.819545454545,1399.78363636,86,0.0390909090909,66.7672727273,0,0.0,0.0,57,0.0259090909091,44.2527272727,0,0.0,0.0,131,0.0595454545455,101.703636364,123,0.0559090909091,95.4927272727
190,Census Tract 81.29,44042,008129,3640,2655,2831,0.777747252747,2064.91895604,83,0.0228021978022,60.5398351648,39,0.0107142857143,28.4464285714,141,0.0387362637363,102.84478022,0,0.0,0.0,312,0.0857142857143,227.571428571,234,0.0642857142857,170.678571429
191,Census Tract 81.30,57875,008130,3991,2950,2810,0.704084189426,2077.04835881,136,0.0340766725132,100.526183914,166,0.0415935855675,122.701077424,228,0.0571285392132,168.529190679,0,0.0,0.0,296,0.0741668754698,218.792282636,355,0.0889501378101,262.40290654
192,Census Tract 81.31,39383,008131,4798,3813,3841,0.800541892455,3052.46623593,227,0.0473113797416,180.398290955,56,0.0116715298041,44.503543143,229,0.0477282200917,181.98770321,0,0.0,0.0,138,0.0287619841601,109.669445602,307,0.0639849937474,243.974781159
193,Census Tract 81.32,53269,008132,3679,3178,2897,0.787442239739,2502.49143789,194,0.0527317205762,167.581407991,42,0.0114161456918,36.2805110084,106,0.0288121772221,91.5650992117,0,0.0,0.0,184,0.0500135906496,158.943191085,256,0.0695841261212,221.138352813
194,Census Tract 81.33,32400,008133,2897,2246,2502,0.863652053849,1939.76251294,188,0.0648947186745,145.753538143,57,0.0196755264066,44.1912323093,31,0.0107007248878,24.033828098,14,0.00483258543321,10.853986883,32,0.0110459095616,24.8091128754,73,0.0251984811874,56.595788747
195,Census Tract 81.34,49135,008134,4957,3863,3615,0.729271736938,2817.17671979,500,0.100867460157,389.650998588,8,0.00161387936252,6.23441597741,136,0.0274359491628,105.985071616,89,0.017954407908,69.3578777486,53,0.0106919507767,41.3030058503,556,0.112164615695,433.29191043
196,Census Tract 81.35,34464,008135,4218,3382,3250,0.770507349455,2605.85585586,169,0.0400663821716,135.504504505,0,0.0,0.0,84,0.0199146514936,67.3513513514,0,0.0,0.0,342,0.0810810810811,274.216216216,373,0.088430535799,299.072072072
197,Census Tract 81.36,50694,008136,2276,1803,1984,0.871704745167,1571.68365554,26,0.0114235500879,20.5966608084,0,0.0,0.0,161,0.0707381370826,127.54086116,0,0.0,0.0,36,0.0158172231986,28.5184534271,69,0.030316344464,54.6603690685
198,Census Tract 81.37,52448,008137,2547,1893,2246,0.88182175108,1669.28857479,32,0.0125638005497,23.7832744405,26,0.0102080879466,19.3239104829,51,0.020023557126,37.9045936396,55,0.0215940321947,40.8775029446,80,0.0314095013742,59.4581861013,57,0.0223792697291,42.3639575972
199,Census Tract 81.38,59773,008138,3850,3136,3360,0.872727272727,2736.87272727,121,0.0314285714286,98.56,50,0.012987012987,40.7272727273,36,0.00935064935065,29.3236363636,0,0.0,0.0,151,0.0392207792208,122.996363636,132,0.0342857142857,107.52
200,Census Tract 81.39,36205,008139,3491,2916,2943,0.843024921226,2458.2606703,179,0.0512747063879,149.517043827,30,0.00859352621025,25.0587224291,63,0.0180464050415,52.6233171011,0,0.0,0.0,162,0.0464050415354,135.317101117,114,0.032655399599,95.2231452306
201,Census Tract 81.40,52289,008140,2687,2235,2247,0.836248604392,1869.01563082,79,0.029400818757,65.7108299218,24,0.00893189430592,19.9627837737,121,0.0450316337923,100.645701526,0,0.0,0.0,123,0.0457759583178,102.30926684,93,0.0346110904354,77.3557871232
202,Census Tract 81.41,36324,008141,6973,5174,5435,0.77943496343,4032.79650079,535,0.0767245088197,396.972608633,90,0.0129069267173,66.7804388355,131,0.0187867488886,97.2026387495,110,0.0157751326545,81.6205363545,541,0.0775849706009,401.424637889,131,0.0187867488886,97.2026387495
203,Census Tract 81.42,45219,008142,3535,2748,2926,0.827722772277,2274.58217822,295,0.0834512022631,229.323903819,14,0.0039603960396,10.8831683168,127,0.0359264497878,98.725884017,19,0.00537482319661,14.7700141443,69,0.0195190947666,53.6384724187,85,0.024045261669,66.0763790665
204,Census Tract 81.43,50551,008143,3961,3229,3280,0.828073718758,2673.85003787,179,0.0451906084322,145.920474628,0,0.0,0.0,121,0.0305478414542,98.6389800555,0,0.0,0.0,148,0.037364301944,120.649330977,233,0.0588235294118,189.941176471
205,Census Tract 81.44,79931,008144,2768,1987,2364,0.854046242775,1696.98988439,29,0.0104768786127,20.8175578035,0,0.0,0.0,150,0.0541907514451,107.677023121,0,0.0,0.0,72,0.0260115606936,51.6849710983,153,0.055274566474,109.830563584
206,Census Tract 81.45,75560,008145,8112,6162,7050,0.869082840237,5355.28846154,89,0.0109714003945,67.6057692308,59,0.00727317554241,44.8173076923,184,0.0226824457594,139.769230769,42,0.0051775147929,31.9038461538,271,0.0334072978304,205.855769231,417,0.0514053254438,316.759615385
207,Census Tract 82.03,69397,008203,4854,3884,4358,0.897816234034,3487.11825299,91,0.0187474248043,72.8149979398,72,0.0148331273177,57.6118665019,135,0.0278121137206,108.022249691,6,0.00123609394314,4.80098887515,20,0.0041203131438,16.0032962505,172,0.0354346930367,137.628347754
208,Census Tract 82.04,70043,008204,4345,3376,3815,0.878020713464,2964.19792865,25,0.00575373993096,19.4246260069,42,0.009666283084,32.6333716916,106,0.0243958573072,82.3604142693,0,0.0,0.0,173,0.0398158803222,134.418411968,184,0.0423475258918,142.965247411
209,Census Tract 82.06,70896,008206,5664,4315,5075,0.896009887006,3866.28266243,4,0.000706214689266,3.04731638418,56,0.00988700564972,42.6624293785,181,0.0319562146893,137.891066384,0,0.0,0.0,158,0.027895480226,120.368997175,190,0.0335451977401,144.747528249
210,Census Tract 82.07,74914,008207,4418,3387,3941,0.892032593934,3021.31439565,26,0.00588501584427,19.9325486646,18,0.00407424173834,13.7994567678,94,0.0212765957447,72.0638297872,60,0.0135808057945,45.9981892259,113,0.0255771842463,86.6299230421,166,0.0375735626981,127.261656858
211,Census Tract 82.08,52058,008208,4503,3686,3984,0.88474350433,3261.16455696,105,0.0233177881412,85.9493670886,85,0.0188763046858,69.5780590717,100,0.0222074172774,81.8565400844,0,0.0,0.0,145,0.0322007550522,118.691983122,84,0.018654230513,68.7594936709
212,Census Tract 82.09,84432,008209,4081,3455,3592,0.880176427346,3041.00955648,80,0.019603038471,67.7284979172,13,0.00318549375153,11.0058809115,160,0.0392060769419,135.456995834,27,0.00661602548395,22.858368047,42,0.0102915951973,35.5574614065,167,0.0409213428081,141.383239402
213,Census Tract 82.10,82846,008210,5738,4732,5042,0.878703380969,4158.02439875,197,0.0343325200418,162.461484838,53,0.00923666782851,43.7079121645,239,0.041652143604,197.097943534,0,0.0,0.0,29,0.00505402579296,23.9156500523,178,0.0310212617637,146.792610666
214,Census Tract 82.11,97763,008211,2864,2263,2628,0.917597765363,2076.52374302,1,0.000349162011173,0.790153631285,9,0.00314245810056,7.11138268156,168,0.0586592178771,132.745810056,0,0.0,0.0,23,0.00803072625698,18.1735335196,35,0.0122206703911,27.655377095
215,Census Tract 84.02,81333,008402,5491,4068,4759,0.866690948825,3525.69877982,38,0.00692041522491,28.1522491349,0,0.0,0.0,196,0.0356947732653,145.206337643,60,0.0109269714078,44.4509196868,152,0.0276816608997,112.60899654,286,0.052085230377,211.882717174
216,Census Tract 84.03,85938,008403,5666,4278,4127,0.728379809389,3116.00882457,44,0.00776561948465,33.2213201553,0,0.0,0.0,881,0.155488881045,665.18143311,71,0.0125308859866,53.6071302506,266,0.0469466996117,200.837980939,277,0.0488881044829,209.143310978
217,Census Tract 84.04,52381,008404,2867,2427,2418,0.843390303453,2046.90826648,9,0.00313916986397,7.61876525985,7,0.00244157656087,5.92570631322,220,0.0767352633415,186.23648413,0,0.0,0.0,67,0.023369375654,56.7174747122,146,0.0509243111266,123.593303104
218,Census Tract 85.01,117063,008501,6413,4646,4691,0.731482925308,3398.46967098,126,0.0196475908311,91.2827070014,19,0.00296273195073,13.7648526431,902,0.140651801029,653.468267581,8,0.00124746608452,5.79572742866,108,0.016840792141,78.2423202869,559,0.0871666926555,404.976454078
219,Census Tract 85.04,100441,008504,4554,3266,3562,0.7821695213,2554.56565657,93,0.0204216073781,66.696969697,50,0.0109793588054,35.8585858586,602,0.132191480018,431.737373737,34,0.0074659639877,24.3838383838,12,0.00263504611331,8.60606060606,201,0.0441370223979,144.151515152
220,Census Tract 85.05,120739,008505,2211,1544,1676,0.75802804161,1170.39529625,14,0.00633197648123,9.77657168702,3,0.00135685210312,2.09497964722,445,0.201266395296,310.755314337,0,0.0,0.0,18,0.00814111261872,12.5698778833,55,0.0248756218905,38.407960199
221,Census Tract 85.06,56810,008506,2558,2137,1741,0.680609851446,1454.46325254,17,0.00664581704457,14.2021110242,7,0.0027365129007,5.8479280688,740,0.289288506646,618.209538702,0,0.0,0.0,12,0.00469116497263,10.0250195465,41,0.0160281469898,34.2521501173
222,Census Tract 85.07,91042,008507,3778,3003,2865,0.758337744839,2277.28824775,44,0.0116463737427,34.9740603494,0,0.0,0.0,679,0.179724722075,539.713340392,0,0.0,0.0,83,0.0219692959238,65.9737956591,107,0.0283218634198,85.0505558497
223,Census Tract 85.08,121147,008508,7652,4988,4707,0.615133298484,3068.28489284,59,0.00771040250915,38.4594877156,11,0.0014375326712,7.17041296393,2050,0.267903815996,1336.30423419,11,0.0014375326712,7.17041296393,188,0.0245687401986,122.548876111,626,0.0818086774699,408.06168322
224,Census Tract 85.09,133708,008509,4870,3301,3332,0.684188911704,2258.50759754,46,0.00944558521561,31.1798767967,0,0.0,0.0,1081,0.221971252567,732.727104723,0,0.0,0.0,16,0.00328542094456,10.845174538,395,0.0811088295688,267.740246407
225,Census Tract 85.10,127250,008510,4740,3373,3991,0.841983122363,2840.00907173,43,0.00907172995781,30.5989451477,12,0.00253164556962,8.53924050633,511,0.107805907173,363.629324895,0,0.0,0.0,27,0.00569620253165,19.2132911392,156,0.0329113924051,111.010126582
226,Census Tract 85.12,157292,008512,3953,2589,2961,0.749051353402,1939.29395396,0,0.0,0.0,11,0.00278269668606,7.20440172021,807,0.204148747786,528.541108019,0,0.0,0.0,39,0.00986592461422,25.5428788262,135,0.0341512775108,88.4176574753
227,Census Tract 85.13,130583,008513,3308,2270,1676,0.506650544135,1150.09673519,69,0.0208585247884,47.3488512696,0,0.0,0.0,921,0.278415961306,632.004232164,6,0.00181378476421,4.11729141475,495,0.149637243047,339.676541717,141,0.0426239419589,96.7563482467
228,Census Tract 86,101146,008600,6991,5601,5779,0.826634244028,4629.9784008,290,0.0414819053068,232.340151624,136,0.0194535831784,108.959519382,270,0.0386210842512,216.316692891,13,0.00185953368617,10.4152481762,333,0.0476326705765,266.790587899,170,0.024316978973,136.199399228
229,Census Tract 87.02,126083,008702,2852,2428,2344,0.821879382889,1995.52314165,20,0.0070126227209,17.0266479663,8,0.00280504908836,6.81065918654,367,0.128681626928,312.438990182,0,0.0,0.0,13,0.00455820476858,11.0673211781,100,0.0350631136045,85.1332398317
230,Census Tract 87.03,91932,008703,4872,3871,3264,0.669950738916,2593.37931034,226,0.0463875205255,179.566091954,14,0.00287356321839,11.1235632184,1235,0.253489326765,981.257183908,0,0.0,0.0,0,0.0,0.0,133,0.0272988505747,105.673850575
231,Census Tract 87.04,105461,008704,3779,2435,2054,0.543530034401,1323.49563377,220,0.0582164593808,141.757078592,10,0.00264620269913,6.44350357237,1205,0.318867425245,776.442180471,0,0.0,0.0,61,0.0161418364647,39.3053717915,229,0.06059804181,147.556231807
232,Census Tract 87.05,112775,008705,6281,4365,3232,0.51456774399,2246.08820252,393,0.0625696545136,273.116541952,9,0.00143289285146,6.25457729661,1663,0.264766756886,1155.70689381,151,0.0240407578411,104.937907976,180,0.0286578570291,125.091545932,653,0.103964336889,453.804330521
233,Census Tract 88.01,81304,008801,4260,3012,2593,0.608685446009,1833.36056338,330,0.0774647887324,233.323943662,11,0.00258215962441,7.77746478873,924,0.216901408451,653.307042254,54,0.012676056338,38.1802816901,118,0.0276995305164,83.4309859155,230,0.0539906103286,162.61971831
234,Census Tract 89.05,48229,008905,4626,3590,3413,0.737786424557,2648.65326416,216,0.0466926070039,167.626459144,19,0.00410722006053,14.7449200173,331,0.0715520968439,256.87202767,0,0.0,0.0,170,0.0367488110679,131.928231734,477,0.103112840467,370.175097276
235,Census Tract 89.07,40820,008907,5242,3966,3661,0.698397558184,2769.84471576,422,0.0805036245708,319.277375048,71,0.0135444486837,53.7172834796,168,0.032048836322,127.105684853,41,0.00782144219763,31.0198397558,496,0.0946203739031,375.2644029,383,0.0730637161389,289.770698207
236,Census Tract 89.08,42125,008908,5019,3995,3851,0.767284319586,3065.30085674,285,0.0567842199641,226.852958757,7,0.00139470013947,5.57182705718,230,0.0458258617254,183.074317593,49,0.00976290097629,39.0027894003,249,0.0496114763897,198.197848177,348,0.0693365212194,276.999402271
237,Census Tract 89.09,54342,008909,2548,1873,1626,0.638147566719,1195.25039246,281,0.110282574568,206.559262166,0,0.0,0.0,205,0.0804552590267,150.692700157,0,0.0,0.0,203,0.0796703296703,149.222527473,233,0.0914442700157,171.275117739
238,Census Tract 89.10,53726,008910,3611,2876,2835,0.785101080033,2257.95070618,279,0.0772639158128,222.211021878,40,0.0110772639158,31.8582110219,137,0.0379396289117,109.11437275,87,0.0240930490169,69.2916089726,140,0.0387704237053,111.503738577,93,0.0257546386043,74.0703406259
239,Census Tract 89.11,30721,008911,2351,1540,1073,0.456401531263,702.858358145,519,0.220757124628,339.965971927,30,0.0127605274351,19.6512122501,225,0.0957039557635,147.384091876,11,0.00467886005955,7.20544449171,272,0.115695448745,178.170991068,221,0.0940025521055,144.763930242
240,Census Tract 89.12,65824,008912,3070,2401,2133,0.694788273616,1668.18664495,304,0.0990228013029,237.753745928,9,0.00293159609121,7.03876221498,124,0.0403908794788,96.9785016287,0,0.0,0.0,362,0.117915309446,283.11465798,138,0.0449511400651,107.927687296
241,Census Tract 89.13,48878,008913,4487,3357,3456,0.770225094718,2585.64564297,166,0.0369957655449,124.194784934,6,0.001337196345,4.48896813015,78,0.017383552485,58.356585692,0,0.0,0.0,369,0.0822375752173,276.071540004,412,0.0918208156898,308.242478271
242,Census Tract 90.04,52946,009004,3426,2746,2368,0.691185055458,1897.99416229,446,0.13018096906,357.476941039,11,0.00321074138938,8.81669585522,251,0.0732632807939,201.18096906,62,0.0180969060128,49.6941039113,110,0.0321074138938,88.1669585522,178,0.0519556333917,142.670169294
243,Census Tract 90.05,44353,009005,3487,2558,2145,0.615141955836,1573.53312303,330,0.0946372239748,242.082018927,97,0.0278176082592,71.1574419272,427,0.122454832234,313.239460855,7,0.00200745626613,5.13507312876,201,0.0576426727846,147.449956983,280,0.0802982506453,205.402925151
244,Census Tract 90.06,37252,009006,5220,3935,3208,0.614559386973,2418.29118774,792,0.151724137931,597.034482759,93,0.017816091954,70.1063218391,438,0.083908045977,330.17816092,132,0.0252873563218,99.5057471264,250,0.0478927203065,188.457854406,307,0.0588122605364,231.426245211
245,Census Tract 90.07,39545,009007,2820,2123,1560,0.553191489362,1174.42553191,614,0.217730496454,462.241843972,15,0.00531914893617,11.2925531915,121,0.0429078014184,91.0932624113,71,0.0251773049645,53.4514184397,232,0.0822695035461,174.658156028,207,0.0734042553191,155.837234043
246,Census Tract 90.08,40908,009008,4769,3490,2890,0.605997064374,2114.92975467,431,0.0903753407423,315.409939191,141,0.0295659467394,103.18515412,281,0.0589222059132,205.638498637,23,0.00482281400713,16.8316208849,566,0.118683162088,414.204235689,437,0.0916334661355,319.800796813
247,Census Tract 90.10,57935,009010,4704,3727,2180,0.46343537415,1727.22363946,491,0.104379251701,389.021471088,0,0.0,0.0,937,0.199192176871,742.389243197,175,0.0372023809524,138.65327381,366,0.077806122449,289.983418367,555,0.117984693878,439.728954082
248,Census Tract 90.11,95000,009011,4059,2939,2203,0.542744518354,1595.12613944,352,0.0867208672087,254.872628726,24,0.00591278640059,17.3776792313,1121,0.276176398128,811.682434097,22,0.00542005420054,15.9295392954,167,0.0411431387041,120.919684651,170,0.0418822370042,123.091894555
249,Census Tract 91.03,51220,009103,3334,2491,2173,0.651769646071,1623.55818836,421,0.126274745051,314.550389922,30,0.00899820035993,22.4145170966,436,0.130773845231,325.75764847,0,0.0,0.0,57,0.0170965806839,42.5875824835,217,0.0650869826035,162.131673665
250,Census Tract 91.05,55400,009105,2772,2107,1868,0.673881673882,1419.86868687,277,0.0999278499278,210.547979798,31,0.0111832611833,23.5631313131,172,0.0620490620491,130.737373737,12,0.004329004329,9.12121212121,132,0.047619047619,100.333333333,280,0.10101010101,212.828282828
251,Census Tract 91.06,53021,009106,4020,3384,2727,0.678358208955,2295.5641791,382,0.0950248756219,321.564179104,0,0.0,0.0,220,0.0547263681592,185.194029851,95,0.023631840796,79.9701492537,361,0.0898009950249,303.886567164,235,0.0584577114428,197.820895522
252,Census Tract 91.07,59715,009107,3327,2665,2524,0.758641418696,2021.77938082,179,0.053802224226,143.382927562,33,0.00991884580703,26.4337240757,278,0.0835587616471,222.68409979,0,0.0,0.0,38,0.0114217012323,30.4388337842,275,0.0826570483919,220.281033965
253,Census Tract 91.08,67870,009108,3586,2839,2397,0.6684327942,1897.68070273,363,0.101226993865,287.383435583,10,0.00278862242052,7.91689905187,273,0.0761293920803,216.131344116,8,0.00223089793642,6.33351924149,128,0.0356943669827,101.336307864,407,0.113496932515,322.217791411
254,Census Tract 91.09,64766,009109,5230,4193,3369,0.644168260038,2700.99751434,551,0.105353728489,441.748183556,19,0.00363288718929,15.2326959847,557,0.106500956023,446.558508604,89,0.017017208413,71.3531548757,216,0.0413001912046,173.171701721,429,0.0820267686424,343.938240918
255,Census Tract 91.10,23616,009110,1536,1100,681,0.443359375,487.6953125,405,0.263671875,290.0390625,9,0.005859375,6.4453125,119,0.0774739583333,85.2213541667,4,0.00260416666667,2.86458333333,232,0.151041666667,166.145833333,86,0.0559895833333,61.5885416667
256,Census Tract 91.11,50682,009111,6045,4634,3728,0.61670802316,2857.82497932,581,0.0961124896609,445.385277089,0,0.0,0.0,1078,0.178329197684,826.377502068,0,0.0,0.0,41,0.00678246484698,31.4299421009,617,0.102067824648,472.982299421
257,Census Tract 91.12,59955,009112,3784,2957,2483,0.656183932347,1940.33588795,432,0.114164904863,337.585623679,76,0.0200845665962,59.3900634249,424,0.112050739958,331.334038055,63,0.0166490486258,49.2312367865,40,0.0105708245243,31.2579281184,266,0.0702959830867,207.865221987
258,Census Tract 92.01,41793,009201,3209,2588,2013,0.627298223746,1623.44780305,276,0.0860081022125,222.588968526,42,0.0130881894671,33.8722343409,578,0.180118416952,466.146463073,37,0.0115300716734,29.8398254908,85,0.026488002493,68.5509504519,178,0.0554689934559,143.553755064
259,Census Tract 93.07,86321,009307,5196,3852,4038,0.777136258661,2993.52886836,100,0.0192455735181,74.1339491917,0,0.0,0.0,619,0.119130100077,458.889145497,47,0.0090454195535,34.8429561201,159,0.0306004618938,117.872979215,233,0.0448421862972,172.732101617
260,Census Tract 93.08,61543,009308,6233,4564,4267,0.684582063212,3124.4325365,111,0.017808438954,81.2777153858,244,0.0391464784213,178.664527515,586,0.0940157227659,429.087758704,0,0.0,0.0,362,0.0580779720841,265.067864592,663,0.106369324563,485.469597305
261,Census Tract 93.09,73300,009309,2480,1991,2097,0.845564516129,1683.51895161,43,0.0173387096774,34.5213709677,23,0.00927419354839,18.4649193548,52,0.0209677419355,41.7467741935,8,0.00322580645161,6.42258064516,75,0.0302419354839,60.2116935484,182,0.0733870967742,146.113709677
262,Census Tract 93.10,65917,009310,7107,5283,5537,0.779091037006,4115.9379485,268,0.0377093006895,199.218235542,78,0.0109750949768,57.9814267623,464,0.0652877444773,344.915154073,0,0.0,0.0,356,0.0500914591248,264.633178556,404,0.0568453637259,300.314056564
263,Census Tract 93.11,75885,009311,6795,4777,2988,0.439735099338,2100.61456954,649,0.0955114054452,456.257983812,64,0.00941869021339,44.9930831494,2067,0.304194260486,1453.13598234,44,0.00647534952171,30.9327446652,319,0.0469462840324,224.262398823,664,0.0977189109639,466.803237675
264,Census Tract 93.12,66307,009312,6848,4808,2844,0.415303738318,1996.78037383,605,0.0883469626168,424.772196262,18,0.0026285046729,12.6378504673,2403,0.350905373832,1687.15303738,23,0.00335864485981,16.148364486,388,0.0566588785047,272.41588785,567,0.0827978971963,398.09228972
265,Census Tract 93.14,68618,009314,6436,4509,2364,0.367308887508,1656.19577377,1092,0.169670602859,765.044748291,29,0.00450590428838,20.3171224363,2588,0.402113113735,1813.12802983,0,0.0,0.0,156,0.0242386575513,109.292106899,207,0.0321628340584,145.022218769
266,Census Tract 93.16,58354,009316,4551,3188,759,0.16677653263,531.683586025,831,0.182597231378,582.119973632,114,0.0250494396836,79.8576137113,1869,0.410678971655,1309.24456163,0,0.0,0.0,265,0.058228960668,185.63392661,713,0.156668863986,499.460338387
267,Census Tract 93.17,66302,009317,6132,4409,2057,0.335453359426,1479.01386171,915,0.149217221135,657.898727984,9,0.00146771037182,6.47113502935,1633,0.26630789302,1174.15150033,90,0.0146771037182,64.7113502935,790,0.12883235486,568.021852577,638,0.104044357469,458.731572081
268,Census Tract 93.18,52219,009318,2526,1850,548,0.21694378464,401.346001584,479,0.18962787015,350.811559778,49,0.0193982581156,35.8867775139,1051,0.416072842439,769.734758511,248,0.098178939034,181.631037213,60,0.0237529691211,43.9429928741,91,0.0360253365004,66.6468725257
269,Census Tract 93.19,53679,009319,5405,3943,1539,0.284736355227,1122.71544866,545,0.100832562442,397.58279371,7,0.00129509713228,5.1065679926,2156,0.398889916744,1572.82294172,342,0.0632747456059,249.492321924,137,0.0253469010176,99.9428307123,679,0.125624421832,495.337095282
270,Census Tract 93.20,38009,009320,4726,3293,1527,0.323106220906,1063.98878544,625,0.132247143462,435.489843419,42,0.00888700804063,29.2649174778,1723,0.364578925095,1200.55840034,120,0.0253914515446,83.6140499365,206,0.043588658485,143.537452391,483,0.102200592467,336.546550994
271,Census Tract 93.21,72788,009321,6129,4400,2282,0.372328275412,1638.24441181,927,0.151248164464,665.491923642,20,0.00326317506934,14.3579703051,2022,0.329906999511,1451.59079785,133,0.0217001142111,95.480502529,307,0.0500897373144,220.394844183,438,0.0714635340186,314.439549682
272,Census Tract 93.22,69658,009322,13668,9452,3883,0.284094234709,2685.25870647,1688,0.123500146327,1167.32338308,203,0.0148522095405,140.383084577,6051,0.442712906058,4184.52238806,158,0.0115598478197,109.263681592,932,0.0681884694176,644.517412935,753,0.0550921861282,520.731343284
273,Census Tract 93.23,93636,009323,5274,3922,2885,0.547023132347,2145.42472507,264,0.0500568828214,196.323094425,114,0.0216154721274,84.7758816837,1142,0.216533940083,849.246113007,449,0.0851346226773,333.89799014,197,0.0373530527114,146.498672734,223,0.0422828972317,165.833522943
274,Census Tract 93.24,119375,009324,2923,2127,2009,0.687307560725,1461.90318166,34,0.0116318850496,24.7410195005,13,0.00444748546014,9.45980157373,557,0.190557646254,405.316113582,0,0.0,0.0,175,0.0598699965789,127.343482723,135,0.0461854259323,98.2364009579
275,Census Tract 93.25,118512,009325,963,810,849,0.881619937695,714.112149533,0,0.0,0.0,6,0.00623052959502,5.04672897196,56,0.0581516095535,47.1028037383,0,0.0,0.0,26,0.0269989615784,21.8691588785,26,0.0269989615784,21.8691588785
276,Census Tract 93.26,113036,009326,5080,3734,2717,0.534842519685,1997.1019685,327,0.0643700787402,240.357874016,16,0.00314960629921,11.7606299213,1519,0.299015748031,1116.52480315,14,0.00275590551181,10.2905511811,89,0.0175196850394,65.418503937,398,0.0783464566929,292.545669291
277,Census Tract 93.28,92321,009328,5269,3770,2280,0.432719681154,1631.35319795,372,0.0706016321883,266.16815335,5,0.000948946669197,3.57752894287,1799,0.341431011577,1287.19491365,30,0.00569368001518,21.4651736572,242,0.0459290187891,173.152400835,541,0.102676029607,387.088631619
278,Census Tract 93.29,62611,009329,2227,1488,762,0.342164346655,509.140547822,343,0.154018859452,229.180062865,7,0.00314324202964,4.6771441401,752,0.337674000898,502.458913336,31,0.0139200718455,20.7130669062,160,0.071845532106,106.906151774,172,0.0772339470139,114.924113157
279,Census Tract 93.30,95497,009330,3835,2715,1672,0.435984354628,1183.69752282,394,0.102737940026,278.933507171,10,0.0026075619296,7.07953063885,1447,0.377314211213,1024.40808344,35,0.00912646675359,24.778357236,137,0.0357235984355,96.9895697523,140,0.0365058670143,99.1134289439
280,Census Tract 93.31,123343,009331,7670,5178,3169,0.413168187744,2139.38487614,1363,0.177705345502,920.158279009,8,0.00104302477184,5.40078226858,2227,0.29035202086,1503.44276402,227,0.0295958279009,153.247196871,135,0.0176010430248,91.1382007823,541,0.0705345501956,365.227900913
281,Census Tract 93.32,115509,009332,1218,923,691,0.567323481117,523.639573071,24,0.0197044334975,18.1871921182,0,0.0,0.0,369,0.302955665025,279.628078818,7,0.00574712643678,5.30459770115,8,0.00656814449918,6.06239737274,119,0.0977011494253,90.1781609195
282,Census Tract 94.03,75313,009403,2096,1581,1754,0.836832061069,1323.03148855,0,0.0,0.0,0,0.0,0.0,43,0.0205152671756,32.4346374046,5,0.00238549618321,3.77146946565,243,0.115935114504,183.293416031,51,0.0243320610687,38.4689885496
283,Census Tract 94.04,84839,009404,5404,4378,4350,0.804959289415,3524.11176906,110,0.020355292376,89.1154700222,52,0.00962250185048,42.1273131014,377,0.069763138416,305.423019985,0,0.0,0.0,208,0.0384900074019,168.509252406,307,0.0568097705403,248.713175426
284,Census Tract 94.06,94886,009406,2340,1784,2123,0.907264957265,1618.56068376,68,0.0290598290598,51.8427350427,17,0.00726495726496,12.9606837607,50,0.0213675213675,38.1196581197,0,0.0,0.0,57,0.024358974359,43.4564102564,25,0.0106837606838,19.0598290598
285,Census Tract 94.07,76793,009407,10148,7036,7082,0.697871501774,4910.22388648,326,0.0321245565629,226.028379976,32,0.00315333070556,22.1868348443,505,0.0497635001971,350.135987387,61,0.00601103665747,42.293653922,1576,0.155301537249,1092.70161608,566,0.0557745368546,392.429641309
286,Census Tract 94.08,101705,009408,1776,1306,1432,0.806306306306,1053.03603604,86,0.0484234234234,63.240990991,4,0.00225225225225,2.94144144144,146,0.0822072072072,107.362612613,0,0.0,0.0,77,0.0433558558559,56.6227477477,31,0.017454954955,22.7961711712
287,Census Tract 95.01,39550,009501,2789,2007,1837,0.658659017569,1321.92864826,20,0.00717102904267,14.3922552886,37,0.0132664037289,26.625672284,77,0.0276084618143,55.4101828612,0,0.0,0.0,462,0.165650770886,332.461097167,356,0.127644316959,256.182144138
288,Census Tract 95.02,68450,009502,7805,5509,5702,0.730557335042,4024.64035874,343,0.0439461883408,242.09955157,34,0.00435618193466,23.998206278,165,0.0211402946829,116.461883408,0,0.0,0.0,1010,0.129404228059,712.887892377,551,0.0705957719411,388.912107623
289,Census Tract 95.03,38487,009503,3051,2350,2258,0.740085217961,1739.20026221,15,0.00491642084562,11.5535889872,215,0.0704686987873,165.60144215,91,0.0298262864635,70.0917731891,24,0.007866273353,18.4857423795,390,0.127826941986,300.393313668,58,0.0190101606031,44.6738774172
290,Census Tract 95.04,46845,009504,2043,1475,1413,0.691629955947,1020.15418502,63,0.0308370044053,45.4845814978,0,0.0,0.0,42,0.0205580029369,30.3230543319,0,0.0,0.0,388,0.189916789036,280.127263828,137,0.067058247675,98.9109153206
291,Census Tract 96.01,51299,009601,6578,4543,1950,0.296442687747,1346.73913043,1387,0.210854363028,957.911371237,18,0.00273639404074,12.4314381271,2123,0.322742474916,1466.21906355,133,0.0202189115233,91.8545150502,560,0.0851322590453,386.755852843,407,0.061872909699,281.088628763
292,Census Tract 96.06,36947,009606,7539,5444,1752,0.232391563868,1265.1396737,2275,0.301764159703,1642.80408542,21,0.00278551532033,15.1643454039,1926,0.255471547951,1390.78710704,266,0.0352831940576,192.081708449,594,0.0787902904895,428.934341425,705,0.0935137286112,509.088738559
293,Census Tract 96.08,51168,009608,7382,5208,2135,0.289217014359,1506.24221078,1247,0.168924410729,879.758331076,0,0.0,0.0,3406,0.461392576538,2402.93253861,0,0.0,0.0,313,0.0424004334869,220.8214576,281,0.0380655648876,198.245461934
294,Census Tract 96.09,62444,009609,5681,3800,1776,0.312621017427,1187.95986622,1236,0.217567329695,826.755852843,44,0.0077451152966,29.4314381271,1675,0.294842457314,1120.40133779,136,0.0239394472804,90.9698996656,224,0.0394296778736,149.83277592,590,0.103854955114,394.648829431
295,Census Tract 96.10,55046,009610,6027,4396,1569,0.260328521653,1144.40418118,1412,0.234279077485,1029.89082462,27,0.00447984071677,19.6933797909,1625,0.269620043139,1185.24970964,202,0.0335158453625,147.335656214,554,0.0919196947072,404.078977933,638,0.105856976937,465.347270616
296,Census Tract 96.11,54952,009611,3333,2394,1762,0.528652865287,1265.5949595,332,0.0996099609961,238.466246625,10,0.00300030003,7.18271827183,607,0.182118211821,435.9909991,0,0.0,0.0,144,0.043204320432,103.431143114,478,0.143414341434,343.333933393
297,Census Tract 96.12,68988,009612,4993,3775,2366,0.473863408772,1788.83436812,492,0.0985379531344,371.980773082,6,0.0012016823553,4.53635089125,1296,0.259563388744,979.85179251,8,0.0016022431404,6.048467855,295,0.0590827158021,223.037252153,530,0.106148608051,400.710995394
298,Census Tract 96.14,67218,009614,7514,5501,2416,0.321533138142,1768.75379292,1262,0.167953154112,923.910300772,0,0.0,0.0,2431,0.323529411765,1779.73529412,224,0.0298110194304,163.990417887,219,0.0291455948895,160.329917487,962,0.128027681661,704.280276817
299,Census Tract 96.15,65560,009615,8006,5919,4003,0.5,2959.5,1262,0.157631776168,933.022483138,0,0.0,0.0,1468,0.183362478141,1085.32250812,183,0.0228578566075,135.29565326,460,0.0574569073195,340.087434424,630,0.0786909817637,465.771921059
300,Census Tract 96.16,70236,009616,5490,4053,3170,0.577413479053,2340.2568306,400,0.0728597449909,295.300546448,80,0.0145719489982,59.0601092896,899,0.163752276867,663.687978142,63,0.0114754098361,46.5098360656,490,0.0892531876138,361.743169399,388,0.0706739526412,286.441530055
301,Census Tract 96.17,105259,009617,3541,2802,2268,0.640497034736,1794.67269133,344,0.0971476983903,272.20785089,8,0.00225924879977,6.33041513697,581,0.164077944084,459.746399322,0,0.0,0.0,196,0.0553515955945,155.095170856,144,0.0406664783959,113.947472465
302,Census Tract 96.18,69255,009618,4905,3642,2250,0.45871559633,1670.64220183,700,0.142711518858,519.755351682,19,0.00387359836901,14.1076452599,1289,0.262793068298,957.09235474,98,0.0199796126402,72.7657492355,146,0.0297655453619,108.406116208,403,0.0821610601427,299.23058104
303,Census Tract 96.19,82740,009619,7842,5915,3650,0.465442489161,2753.09232339,509,0.0649069115022,383.924381535,30,0.00382555470543,22.6281560826,2608,0.332568222392,1967.14103545,0,0.0,0.0,139,0.0177250701352,104.84378985,906,0.115531752104,683.370313695
304,Census Tract 96.22,92257,009622,7500,5368,3454,0.460533333333,2472.14293333,948,0.1264,678.5152,0,0.0,0.0,1670,0.222666666667,1195.27466667,0,0.0,0.0,357,0.0476,255.5168,1071,0.1428,766.5504
305,Census Tract 96.30,85972,009630,10511,6934,3456,0.328798401674,2279.88811721,1285,0.122252877937,847.701455618,10,0.000951384264104,6.5968984873,3506,0.333555322995,2312.87260965,79,0.00751593568642,52.1154980497,408,0.0388164779755,269.153458282,1767,0.168109599467,1165.67196271
306,Census Tract 96.32,107045,009632,7108,5002,2171,0.305430500844,1527.76336522,893,0.125633089477,628.416713562,15,0.00211029825549,10.5557118739,2826,0.397580191334,1988.69611705,110,0.0154755205402,77.4085537423,381,0.0536015756894,268.115081598,712,0.10016882386,501.04445695
307,Census Tract 96.33,42417,009633,3534,2414,1302,0.368421052632,889.368421053,729,0.206281833616,497.96434635,18,0.00509337860781,12.2954159593,839,0.23740803622,573.102999434,101,0.0285795132994,68.9909451047,283,0.0800792303339,193.311262026,262,0.0741369552915,178.966610074
308,Census Tract 96.34,33250,009634,4299,2858,1539,0.357990230286,1023.13607816,831,0.19330076762,552.453593859,0,0.0,0.0,826,0.192137706443,549.129565015,232,0.0539660386136,154.234938358,658,0.153058850896,437.44219586,213,0.049546406141,141.603628751
309,Census Tract 96.35,92723,009635,6616,4121,2397,0.362303506651,1493.05275091,1042,0.157496977025,649.045042322,0,0.0,0.0,2204,0.333131801693,1372.83615478,22,0.00332527206771,13.7034461911,648,0.0979443772672,403.628778718,303,0.0457980652963,188.733827086
310,Census Tract 96.36,81364,009636,7849,5098,2806,0.357497770417,1822.52363358,1131,0.144094789145,734.595235062,46,0.00586061918716,29.8774366161,2832,0.360810294305,1839.41088037,13,0.0016562619442,8.44362339151,226,0.028793476876,146.789145114,795,0.101286788126,516.360045866
311,Census Tract 96.37,79750,009637,6585,4650,2440,0.370539104024,1723.00683371,503,0.0763857251329,355.193621868,46,0.00698557327259,32.4829157175,2863,0.434776006074,2021.70842825,105,0.0159453302961,74.145785877,252,0.0382687927107,177.949886105,376,0.057099468489,265.512528474
312,Census Tract 96.38,75574,009638,6556,5518,2523,0.384838316046,2123.53782794,1184,0.180597925564,996.539353264,71,0.0108297742526,59.7586943258,1482,0.226052471019,1247.35753508,7,0.00106772422209,5.89170225747,823,0.125533862111,692.695851129,466,0.0710799267846,392.219035998
313,Census Tract 96.39,51250,009639,3847,2826,1327,0.344944112295,974.812061347,693,0.180140369119,509.07668313,4,0.00103977125032,2.93839355342,1284,0.333766571354,943.224330647,49,0.0127371978165,35.9953210294,205,0.0532882765792,150.592669613,285,0.0740837015857,209.360540681
314,Census Tract 98,40524,009800,1621,1418,1433,0.884022208513,1253.54349167,9,0.00555212831585,7.87291795188,9,0.00555212831585,7.87291795188,42,0.0259099321407,36.7402837754,10,0.00616903146206,8.7476866132,104,0.0641579272054,90.9759407773,14,0.00863664404688,12.2467612585
315,Census Tract 99,56847,009900,3942,3077,2680,0.679857940132,2091.92288179,53,0.0134449518011,41.370116692,66,0.0167427701674,51.5175038052,179,0.0454084221208,139.721714866,0,0.0,0.0,781,0.198122780315,609.623795028,183,0.0464231354642,142.843987823
316,Census Tract 9883,61250,009883,6300,6296,1761,0.279523809524,1759.88190476,2688,0.426666666667,2686.29333333,102,0.0161904761905,101.935238095,246,0.0390476190476,245.843809524,45,0.00714285714286,44.9714285714,1214,0.192698412698,1213.22920635,244,0.0387301587302,243.845079365
